0,j_?DisableAutoRehash@?$CAtlMap@U_GUID@@PAUISensor@@V?$CElementTraits@U_GUID@@@ATL@@V?$CElementTraits@PAUISensor@@@4@@ATL@@QAEXXZ
1,j_??BCTraceCategory@ATL@@QBEKXZ
2,j_?Rehash@?$CAtlMap@U_GUID@@PAUISensor@@V?$CElementTraits@U_GUID@@@ATL@@V?$CElementTraits@PAUISensor@@@4@@ATL@@QAEXI@Z
3,j_??I?$CComPtrBase@UISensor@@@ATL@@QAEPAPAUISensor@@XZ
4,j__PropVariantInit
5,j_?OnEvent@CAmbientLightAwareSensorEvents@@UAGJPAUISensor@@ABU_GUID@@PAUIPortableDeviceValues@@@Z
6,j_??0CAmbientLightAwareApp@@QAE@XZ
7,j_?InitAmbientLightAware@CAmbientLightAwareDlg@@AAEJXZ
8,j_??C?$CComPtrBase@UISensorCollection@@@ATL@@QBEPAV?$_NoAddRefReleaseOnCComPtr@UISensorCollection@@@1@XZ
9,j_?RemoveAll@?$CAtlMap@U_GUID@@MV?$CElementTraits@U_GUID@@@ATL@@V?$CElementTraits@M@3@@ATL@@QAEXXZ
10,j_?OnLeave@CAmbientLightAwareSensorEvents@@UAGJABU_GUID@@@Z
11,j_??_GCAmbientLightAwareDlg@@UAEPAXI@Z
12,j_?GetSensorData@CAmbientLightAwareSensorEvents@@AAEJPAUISensor@@PAUISensorDataReport@@@Z
13,j_?GetStartPosition@?$CAtlMap@U_GUID@@PAUISensor@@V?$CElementTraits@U_GUID@@@ATL@@V?$CElementTraits@PAUISensor@@@4@@ATL@@QBEPAU__POSITION@@XZ
14,j_?InitHashTable@?$CAtlMap@U_GUID@@MV?$CElementTraits@U_GUID@@@ATL@@V?$CElementTraits@M@3@@ATL@@QAE_NI_N@Z
15,j_??2@YAPAXIPAX@Z
16,j_??1?$CComPtr@UISensorDataReport@@@ATL@@QAE@XZ
17,j_?FreePlexes@?$CAtlMap@U_GUID@@MV?$CElementTraits@U_GUID@@@ATL@@V?$CElementTraits@M@3@@ATL@@AAEXXZ
18,j_?Initialize@CAmbientLightAwareSensorManagerEvents@@QAEJXZ
19,j_??I?$CComPtrBase@UISensorDataReport@@@ATL@@QAEPAPAUISensorDataReport@@XZ
20,j_?SupportsApplicationRecovery@CWinApp@@UBEHXZ
21,j_?AtlThrowImpl@ATL@@YGXJ@Z
22,j_?OnDataUpdated@CAmbientLightAwareSensorEvents@@UAGJPAUISensor@@PAUISensorDataReport@@@Z
23,j_?DisableAutoRehash@?$CAtlMap@U_GUID@@MV?$CElementTraits@U_GUID@@@ATL@@V?$CElementTraits@M@3@@ATL@@QAEXXZ
24,j_??_GCAmbientLightAwareSensorEvents@@UAEPAXI@Z
25,j_??B?$CComPtrBase@UISensorDataReport@@@ATL@@QBEPAUISensorDataReport@@XZ
26,j_?Lookup@?$CAtlMap@U_GUID@@PAUISensor@@V?$CElementTraits@U_GUID@@@ATL@@V?$CElementTraits@PAUISensor@@@4@@ATL@@QAEPAVCPair@12@ABU_GUID@@@Z
27,j_?AddSensor@CAmbientLightAwareSensorManagerEvents@@AAEJPAUISensor@@@Z
28,j_?CompareElements@?$CElementTraits@U_GUID@@@ATL@@SA_NABU_GUID@@0@Z
29,j_?GetThisMessageMap@CAmbientLightAwareApp@@KGPBUAFX_MSGMAP@@XZ
30,j_?GetNextValue@?$CAtlMap@U_GUID@@PAUISensor@@V?$CElementTraits@U_GUID@@@ATL@@V?$CElementTraits@PAUISensor@@@4@@ATL@@QAEAAPAUISensor@@AAPAU__POSITION@@@Z
31,j_?OnPaint@CAmbientLightAwareDlg@@IAEXXZ
32,j_??$AtlAdd@I@ATL@@YAJPAIII@Z
33,j_?GetSensorData@CAmbientLightAwareSensorEvents@@QAEJPAUISensor@@@Z
34,j_??RCTraceFileAndLineInfo@ATL@@QBAXKIPB_WZZ
35,j_?Hash@?$CElementTraits@U_GUID@@@ATL@@SAKABU_GUID@@@Z
36,j_??_GCAmbientLightAwareDlg@@UAEPAXI@Z_0
37,j_?RemoveAll@?$CAtlMap@U_GUID@@PAUISensor@@V?$CElementTraits@U_GUID@@@ATL@@V?$CElementTraits@PAUISensor@@@4@@ATL@@QAEXXZ
38,j_??0?$CComPtr@UISensor@@@ATL@@QAE@XZ
39,j_?RemoveNode@?$CAtlMap@U_GUID@@PAUISensor@@V?$CElementTraits@U_GUID@@@ATL@@V?$CElementTraits@PAUISensor@@@4@@ATL@@AAEXPAVCNode@12@0@Z
40,j_?RemoveKey@?$CAtlMap@U_GUID@@MV?$CElementTraits@U_GUID@@@ATL@@V?$CElementTraits@M@3@@ATL@@QAE_NABU_GUID@@@Z
41,j_?FreeNode@?$CAtlMap@U_GUID@@MV?$CElementTraits@U_GUID@@@ATL@@V?$CElementTraits@M@3@@ATL@@AAEXPAVCNode@12@@Z
42,j_?Release@CAmbientLightAwareSensorManagerEvents@@UAGKXZ
43,j_?DoDataExchange@CAmbientLightAwareDlg@@MAEXPAVCDataExchange@@@Z
44,j_?SupportsRestartManager@CWinApp@@UBEHXZ
45,j_?Create@CAtlPlex@ATL@@SAPAU12@AAPAU12@II@Z
46,j_??B?$CComPtrBase@UISensor@@@ATL@@QBEPAUISensor@@XZ
47,j_??0?$CComPtr@UISensorCollection@@@ATL@@QAE@XZ
48,j_?GetMessageMap@CAmbientLightAwareDlg@@MBEPBUAFX_MSGMAP@@XZ
49,j_??1?$CAtlMap@U_GUID@@MV?$CElementTraits@U_GUID@@@ATL@@V?$CElementTraits@M@3@@ATL@@QAE@XZ
50,j_??0CNode@?$CAtlMap@U_GUID@@MV?$CElementTraits@U_GUID@@@ATL@@V?$CElementTraits@M@3@@ATL@@QAE@ABU_GUID@@I@Z
51,j_?SetOptimalLoad@?$CAtlMap@U_GUID@@PAUISensor@@V?$CElementTraits@U_GUID@@@ATL@@V?$CElementTraits@PAUISensor@@@4@@ATL@@QAEXMMM_N@Z
52,j_?RemoveSensor@CAmbientLightAwareSensorManagerEvents@@AAEJPAUISensor@@@Z
53,j_??1CAmbientLightAwareDlg@@UAE@XZ
54,j_?NewNode@?$CAtlMap@U_GUID@@PAUISensor@@V?$CElementTraits@U_GUID@@@ATL@@V?$CElementTraits@PAUISensor@@@4@@ATL@@AAEPAVCNode@12@ABU_GUID@@II@Z
55,j_?OnSensorEnter@CAmbientLightAwareSensorManagerEvents@@UAGJPAUISensor@@W4__MIDL___MIDL_itf_sensorsapi_0000_0000_0001@@@Z
56,j_?GetHash@CNode@?$CAtlMap@U_GUID@@PAUISensor@@V?$CElementTraits@U_GUID@@@ATL@@V?$CElementTraits@PAUISensor@@@4@@ATL@@QBEIXZ
57,j_?GetApplicationRecoveryParameter@CWinApp@@UAEPAXXZ
58,j_?QueryInterface@CAmbientLightAwareSensorManagerEvents@@UAGJABU_GUID@@PAPAX@Z
59,j_?UpdateRehashThresholds@?$CAtlMap@U_GUID@@PAUISensor@@V?$CElementTraits@U_GUID@@@ATL@@V?$CElementTraits@PAUISensor@@@4@@ATL@@AAEXXZ
60,j_?Rehash@?$CAtlMap@U_GUID@@MV?$CElementTraits@U_GUID@@@ATL@@V?$CElementTraits@M@3@@ATL@@QAEXI@Z
61,j_?GetThisMessageMap@CAmbientLightAwareDlg@@KGPBUAFX_MSGMAP@@XZ
62,j_??0?$CComPtrBase@UISensorManager@@@ATL@@IAE@XZ
63,j_?GetApplicationRecoveryPingInterval@CWinApp@@UAEKXZ
64,j_??1?$CComPtr@UISensorManager@@@ATL@@QAE@XZ
65,j_?data@CAtlPlex@ATL@@QAEPAXXZ
66,j_??A?$CAtlMap@U_GUID@@MV?$CElementTraits@U_GUID@@@ATL@@V?$CElementTraits@M@3@@ATL@@QAEAAMABU_GUID@@@Z
67,j_??1?$CComPtrBase@UISensor@@@ATL@@QAE@XZ
68,j_??1CAmbientLightAwareSensorManagerEvents@@UAE@XZ
69,j_?IsEmpty@?$CAtlMap@U_GUID@@MV?$CElementTraits@U_GUID@@@ATL@@V?$CElementTraits@M@3@@ATL@@QBE_NXZ
70,j_?RestoreAutosavedFilesAtRestart@CWinApp@@UBEHXZ
71,j_?CreateNode@?$CAtlMap@U_GUID@@PAUISensor@@V?$CElementTraits@U_GUID@@@ATL@@V?$CElementTraits@PAUISensor@@@4@@ATL@@AAEPAVCNode@12@ABU_GUID@@II@Z
72,j_??1?$CComPtr@UISensor@@@ATL@@QAE@XZ
73,j_??_GCAmbientLightAwareSensorManagerEvents@@UAEPAXI@Z
74,j_?Release@CAmbientLightAwareSensorEvents@@UAGKXZ
75,j_?UpdateLux@CAmbientLightAwareSensorEvents@@AAEJXZ
76,j_?IsLocked@?$CAtlMap@U_GUID@@MV?$CElementTraits@U_GUID@@@ATL@@V?$CElementTraits@M@3@@ATL@@ABE_NXZ
77,j_??0?$CComPtrBase@UISensorCollection@@@ATL@@IAE@XZ
78,j_?IsEmpty@?$CAtlMap@U_GUID@@PAUISensor@@V?$CElementTraits@U_GUID@@@ATL@@V?$CElementTraits@PAUISensor@@@4@@ATL@@QBE_NXZ
79,j_??0?$CComPtrBase@UISensor@@@ATL@@IAE@XZ
80,j_??_GCAmbientLightAwareApp@@UAEPAXI@Z
81,j_?GetNode@?$CAtlMap@U_GUID@@MV?$CElementTraits@U_GUID@@@ATL@@V?$CElementTraits@M@3@@ATL@@ABEPAVCNode@12@ABU_GUID@@AAI1AAPAV312@@Z
82,j_??0CAmbientLightAwareDlg@@QAE@PAVCWnd@@@Z
83,j_?GetHash@CNode@?$CAtlMap@U_GUID@@MV?$CElementTraits@U_GUID@@@ATL@@V?$CElementTraits@M@3@@ATL@@QBEIXZ
84,j_?IsLocked@?$CAtlMap@U_GUID@@PAUISensor@@V?$CElementTraits@U_GUID@@@ATL@@V?$CElementTraits@PAUISensor@@@4@@ATL@@ABE_NXZ
85,j_?FreeNode@?$CAtlMap@U_GUID@@PAUISensor@@V?$CElementTraits@U_GUID@@@ATL@@V?$CElementTraits@PAUISensor@@@4@@ATL@@AAEXPAVCNode@12@@Z
86,j_?NewNode@?$CAtlMap@U_GUID@@MV?$CElementTraits@U_GUID@@@ATL@@V?$CElementTraits@M@3@@ATL@@AAEPAVCNode@12@ABU_GUID@@II@Z
87,j_?QueryInterface@CAmbientLightAwareSensorEvents@@UAGJABU_GUID@@PAPAX@Z
88,j_?FindNextNode@?$CAtlMap@U_GUID@@PAUISensor@@V?$CElementTraits@U_GUID@@@ATL@@V?$CElementTraits@PAUISensor@@@4@@ATL@@ABEPAVCNode@12@PAV312@@Z
89,j_?GetNextValue@?$CAtlMap@U_GUID@@MV?$CElementTraits@U_GUID@@@ATL@@V?$CElementTraits@M@3@@ATL@@QAEAAMAAPAU__POSITION@@@Z
90,j_?GetNode@?$CAtlMap@U_GUID@@PAUISensor@@V?$CElementTraits@U_GUID@@@ATL@@V?$CElementTraits@PAUISensor@@@4@@ATL@@ABEPAVCNode@12@ABU_GUID@@AAI1AAPAV312@@Z
91,j_??0ISensorEvents@@QAE@XZ
92,j_?OnInitDialog@CAmbientLightAwareDlg@@MAEHXZ
93,j_?OnQueryDragIcon@CAmbientLightAwareDlg@@IAEPAUHICON__@@XZ
94,j_?_AfxInitManaged@@YAHXZ
95,j_?GetStartPosition@?$CAtlMap@U_GUID@@MV?$CElementTraits@U_GUID@@@ATL@@V?$CElementTraits@M@3@@ATL@@QBEPAU__POSITION@@XZ
96,j_?OnStateChanged@CAmbientLightAwareSensorEvents@@UAGJPAUISensor@@W4__MIDL___MIDL_itf_sensorsapi_0000_0000_0001@@@Z
97,j_??3@YAXPAX0@Z
98,j_?EnableAutoRehash@?$CAtlMap@U_GUID@@MV?$CElementTraits@U_GUID@@@ATL@@V?$CElementTraits@M@3@@ATL@@QAEXXZ
99,j_??0?$CComPtrBase@UISensorDataReport@@@ATL@@IAE@XZ
100,j_??B?$CComPtrBase@UISensorManager@@@ATL@@QBEPAUISensorManager@@XZ
101,j_??I?$CComPtrBase@UISensorCollection@@@ATL@@QAEPAPAUISensorCollection@@XZ
102,j_??A?$CAtlMap@U_GUID@@PAUISensor@@V?$CElementTraits@U_GUID@@@ATL@@V?$CElementTraits@PAUISensor@@@4@@ATL@@QAEAAPAUISensor@@ABU_GUID@@@Z
103,j_??0ISensorManagerEvents@@QAE@XZ
104,j_??_GCAmbientLightAwareApp@@UAEPAXI@Z_0
105,j_?RemoveNode@?$CAtlMap@U_GUID@@MV?$CElementTraits@U_GUID@@@ATL@@V?$CElementTraits@M@3@@ATL@@AAEXPAVCNode@12@0@Z
106,j_??1?$CAtlMap@U_GUID@@PAUISensor@@V?$CElementTraits@U_GUID@@@ATL@@V?$CElementTraits@PAUISensor@@@4@@ATL@@QAE@XZ
107,j____
108,j_?Uninitialize@CAmbientLightAwareSensorManagerEvents@@QAEJXZ
109,j_?FreePlexes@?$CAtlMap@U_GUID@@PAUISensor@@V?$CElementTraits@U_GUID@@@ATL@@V?$CElementTraits@PAUISensor@@@4@@ATL@@AAEXXZ
110,j_?FindNextNode@?$CAtlMap@U_GUID@@MV?$CElementTraits@U_GUID@@@ATL@@V?$CElementTraits@M@3@@ATL@@ABEPAVCNode@12@PAV312@@Z
111,j_?PickSize@?$CAtlMap@U_GUID@@PAUISensor@@V?$CElementTraits@U_GUID@@@ATL@@V?$CElementTraits@PAUISensor@@@4@@ATL@@ABEII@Z
112,j_??0?$CAtlMap@U_GUID@@PAUISensor@@V?$CElementTraits@U_GUID@@@ATL@@V?$CElementTraits@PAUISensor@@@4@@ATL@@QAE@IMMMI@Z
113,j_??1CAmbientLightAwareApp@@UAE@XZ
114,j_?TraceV@CTrace@ATL@@QBAXPBDHKIPB_WPAD@Z
115,j_?AddRef@CAmbientLightAwareSensorEvents@@UAGKXZ
116,j_??0?$CComPtr@UISensorManager@@@ATL@@QAE@XZ
117,j_?CreateNode@?$CAtlMap@U_GUID@@MV?$CElementTraits@U_GUID@@@ATL@@V?$CElementTraits@M@3@@ATL@@AAEPAVCNode@12@ABU_GUID@@II@Z
118,j_?UpdateRehashThresholds@?$CAtlMap@U_GUID@@MV?$CElementTraits@U_GUID@@@ATL@@V?$CElementTraits@M@3@@ATL@@AAEXXZ
119,j_??1?$CComPtrBase@UISensorCollection@@@ATL@@QAE@XZ
120,j__IsEqualGUID
121,j_?InitInstance@CAmbientLightAwareApp@@UAEHXZ
122,j_?SetOptimalLoad@?$CAtlMap@U_GUID@@MV?$CElementTraits@U_GUID@@@ATL@@V?$CElementTraits@M@3@@ATL@@QAEXMMM_N@Z
123,j_?ReopenPreviousFilesAtRestart@CWinApp@@UBEHXZ
124,j_??0CAmbientLightAwareSensorManagerEvents@@QAE@PAVCAmbientLightAwareDlg@@@Z
125,j_??_GCAmbientLightAwareSensorEvents@@UAEPAXI@Z_0
126,j_??0CAmbientLightAwareSensorEvents@@QAE@PAVCAmbientLightAwareDlg@@PAVCAmbientLightAwareSensorManagerEvents@@@Z
127,j_?SupportsAutosaveAtInterval@CWinApp@@UBEHXZ
128,j_?InitHashTable@?$CAtlMap@U_GUID@@PAUISensor@@V?$CElementTraits@U_GUID@@@ATL@@V?$CElementTraits@PAUISensor@@@4@@ATL@@QAE_NI_N@Z
129,j_??B?$CComPtrBase@UISensorCollection@@@ATL@@QBEPAUISensorCollection@@XZ
130,j_??$AtlMultiply@I@ATL@@YAJPAIII@Z
131,j_?EnableAutoRehash@?$CAtlMap@U_GUID@@PAUISensor@@V?$CElementTraits@U_GUID@@@ATL@@V?$CElementTraits@PAUISensor@@@4@@ATL@@QAEXXZ
132,j_??1?$CComPtr@UISensorCollection@@@ATL@@QAE@XZ
133,j_??0CPair@?$CAtlMap@U_GUID@@PAUISensor@@V?$CElementTraits@U_GUID@@@ATL@@V?$CElementTraits@PAUISensor@@@4@@ATL@@IAE@ABU_GUID@@@Z
134,j_?SupportsAutosaveAtRestart@CWinApp@@UBEHXZ
135,j_??0CTraceFileAndLineInfo@ATL@@QAE@PBDH@Z
136,j_?CoCreateInstance@?$CComPtrBase@UISensorManager@@@ATL@@QAEJABU_GUID@@PAUIUnknown@@K@Z
137,j_??0?$CAtlMap@U_GUID@@MV?$CElementTraits@U_GUID@@@ATL@@V?$CElementTraits@M@3@@ATL@@QAE@IMMMI@Z
138,j_??C?$CComPtrBase@UISensorManager@@@ATL@@QBEPAV?$_NoAddRefReleaseOnCComPtr@UISensorManager@@@1@XZ
139,j_?FreeDataChain@CAtlPlex@ATL@@QAEXXZ
140,j_?CleanUp@CAmbientLightAwareDlg@@QAEJXZ
141,j_?RemoveSensor@CAmbientLightAwareSensorManagerEvents@@QAEJABU_GUID@@@Z
142,j_??_GCAmbientLightAwareSensorManagerEvents@@UAEPAXI@Z_0
143,j_??0IUnknown@@QAE@XZ
144,j_?AddRef@CAmbientLightAwareSensorManagerEvents@@UAGKXZ
145,j__HRESULT_FROM_WIN32
146,j_??1?$CComPtrBase@UISensorDataReport@@@ATL@@QAE@XZ
147,j_?UpdateLux@CAmbientLightAwareDlg@@QAEJMH@Z
148,j_?GetMessageMap@CAmbientLightAwareApp@@MBEPBUAFX_MSGMAP@@XZ
149,j_??0CNode@?$CAtlMap@U_GUID@@PAUISensor@@V?$CElementTraits@U_GUID@@@ATL@@V?$CElementTraits@PAUISensor@@@4@@ATL@@QAE@ABU_GUID@@I@Z
150,j_?GetApplicationRestartFlags@CWinApp@@UAEKXZ
151,j_?RemoveKey@?$CAtlMap@U_GUID@@PAUISensor@@V?$CElementTraits@U_GUID@@@ATL@@V?$CElementTraits@PAUISensor@@@4@@ATL@@QAE_NABU_GUID@@@Z
152,j_??0CPair@?$CAtlMap@U_GUID@@MV?$CElementTraits@U_GUID@@@ATL@@V?$CElementTraits@M@3@@ATL@@IAE@ABU_GUID@@@Z
153,j_??1?$CComPtrBase@UISensorManager@@@ATL@@QAE@XZ
154,j_?PickSize@?$CAtlMap@U_GUID@@MV?$CElementTraits@U_GUID@@@ATL@@V?$CElementTraits@M@3@@ATL@@ABEII@Z
155,j_??0?$CComPtr@UISensorDataReport@@@ATL@@QAE@XZ
156,j_??1CAmbientLightAwareSensorEvents@@UAE@XZ
157,??0CAmbientLightAwareApp@@QAE@XZ
158,??1CAmbientLightAwareApp@@UAE@XZ
159,??_GCAmbientLightAwareApp@@UAEPAXI@Z
160,?GetApplicationRecoveryParameter@CWinApp@@UAEPAXXZ
161,?GetApplicationRecoveryPingInterval@CWinApp@@UAEKXZ
162,?GetApplicationRestartFlags@CWinApp@@UAEKXZ
163,?GetMessageMap@CAmbientLightAwareApp@@MBEPBUAFX_MSGMAP@@XZ
164,?GetThisMessageMap@CAmbientLightAwareApp@@KGPBUAFX_MSGMAP@@XZ
165,?InitInstance@CAmbientLightAwareApp@@UAEHXZ
166,?ReopenPreviousFilesAtRestart@CWinApp@@UBEHXZ
167,?RestoreAutosavedFilesAtRestart@CWinApp@@UBEHXZ
168,?SupportsApplicationRecovery@CWinApp@@UBEHXZ
169,?SupportsAutosaveAtInterval@CWinApp@@UBEHXZ
170,?SupportsAutosaveAtRestart@CWinApp@@UBEHXZ
171,?SupportsRestartManager@CWinApp@@UBEHXZ
172,?OnPaint@CAmbientLightAwareDlg@@IAEXXZ
173,?OnQueryDragIcon@CAmbientLightAwareDlg@@IAEPAUHICON__@@XZ
174,??0CAmbientLightAwareDlg@@QAE@PAVCWnd@@@Z
175,??1CAmbientLightAwareDlg@@UAE@XZ
176,??_GCAmbientLightAwareDlg@@UAEPAXI@Z
177,?CleanUp@CAmbientLightAwareDlg@@QAEJXZ
178,?DoDataExchange@CAmbientLightAwareDlg@@MAEXPAVCDataExchange@@@Z
179,?GetMessageMap@CAmbientLightAwareDlg@@MBEPBUAFX_MSGMAP@@XZ
180,?GetThisMessageMap@CAmbientLightAwareDlg@@KGPBUAFX_MSGMAP@@XZ
181,?InitAmbientLightAware@CAmbientLightAwareDlg@@AAEJXZ
182,?OnInitDialog@CAmbientLightAwareDlg@@MAEHXZ
183,?UpdateLux@CAmbientLightAwareDlg@@QAEJMH@Z
184,??$AtlAdd@I@ATL@@YAJPAIII@Z
185,??$AtlMultiply@I@ATL@@YAJPAIII@Z
186,??0?$CAtlMap@U_GUID@@MV?$CElementTraits@U_GUID@@@ATL@@V?$CElementTraits@M@3@@ATL@@QAE@IMMMI@Z
187,??0?$CComPtr@UISensorDataReport@@@ATL@@QAE@XZ
188,??0?$CComPtrBase@UISensorDataReport@@@ATL@@IAE@XZ
189,??0CAmbientLightAwareSensorEvents@@QAE@PAVCAmbientLightAwareDlg@@PAVCAmbientLightAwareSensorManagerEvents@@@Z
190,??0CNode@?$CAtlMap@U_GUID@@MV?$CElementTraits@U_GUID@@@ATL@@V?$CElementTraits@M@3@@ATL@@QAE@ABU_GUID@@I@Z
191,??0CPair@?$CAtlMap@U_GUID@@MV?$CElementTraits@U_GUID@@@ATL@@V?$CElementTraits@M@3@@ATL@@IAE@ABU_GUID@@@Z
192,??0CTraceFileAndLineInfo@ATL@@QAE@PBDH@Z
193,??0ISensorEvents@@QAE@XZ
194,??0IUnknown@@QAE@XZ
195,??1?$CAtlMap@U_GUID@@MV?$CElementTraits@U_GUID@@@ATL@@V?$CElementTraits@M@3@@ATL@@QAE@XZ
196,??1?$CComPtr@UISensorDataReport@@@ATL@@QAE@XZ
197,??1?$CComPtrBase@UISensorDataReport@@@ATL@@QAE@XZ
198,??1CAmbientLightAwareSensorEvents@@UAE@XZ
199,??2@YAPAXIPAX@Z
200,??3@YAXPAX0@Z
201,??A?$CAtlMap@U_GUID@@MV?$CElementTraits@U_GUID@@@ATL@@V?$CElementTraits@M@3@@ATL@@QAEAAMABU_GUID@@@Z
202,??B?$CComPtrBase@UISensorDataReport@@@ATL@@QBEPAUISensorDataReport@@XZ
203,??BCTraceCategory@ATL@@QBEKXZ
204,??I?$CComPtrBase@UISensorDataReport@@@ATL@@QAEPAPAUISensorDataReport@@XZ
205,??RCTraceFileAndLineInfo@ATL@@QBAXKIPB_WZZ
206,??_GCAmbientLightAwareSensorEvents@@UAEPAXI@Z
207,?AddRef@CAmbientLightAwareSensorEvents@@UAGKXZ
208,?AtlThrowImpl@ATL@@YGXJ@Z
209,?CompareElements@?$CElementTraits@U_GUID@@@ATL@@SA_NABU_GUID@@0@Z
210,?Create@CAtlPlex@ATL@@SAPAU12@AAPAU12@II@Z
211,?CreateNode@?$CAtlMap@U_GUID@@MV?$CElementTraits@U_GUID@@@ATL@@V?$CElementTraits@M@3@@ATL@@AAEPAVCNode@12@ABU_GUID@@II@Z
212,?DisableAutoRehash@?$CAtlMap@U_GUID@@MV?$CElementTraits@U_GUID@@@ATL@@V?$CElementTraits@M@3@@ATL@@QAEXXZ
213,?EnableAutoRehash@?$CAtlMap@U_GUID@@MV?$CElementTraits@U_GUID@@@ATL@@V?$CElementTraits@M@3@@ATL@@QAEXXZ
214,?FindNextNode@?$CAtlMap@U_GUID@@MV?$CElementTraits@U_GUID@@@ATL@@V?$CElementTraits@M@3@@ATL@@ABEPAVCNode@12@PAV312@@Z
215,?FreeDataChain@CAtlPlex@ATL@@QAEXXZ
216,?FreeNode@?$CAtlMap@U_GUID@@MV?$CElementTraits@U_GUID@@@ATL@@V?$CElementTraits@M@3@@ATL@@AAEXPAVCNode@12@@Z
217,?FreePlexes@?$CAtlMap@U_GUID@@MV?$CElementTraits@U_GUID@@@ATL@@V?$CElementTraits@M@3@@ATL@@AAEXXZ
218,?GetHash@CNode@?$CAtlMap@U_GUID@@MV?$CElementTraits@U_GUID@@@ATL@@V?$CElementTraits@M@3@@ATL@@QBEIXZ
219,?GetNextValue@?$CAtlMap@U_GUID@@MV?$CElementTraits@U_GUID@@@ATL@@V?$CElementTraits@M@3@@ATL@@QAEAAMAAPAU__POSITION@@@Z
220,?GetNode@?$CAtlMap@U_GUID@@MV?$CElementTraits@U_GUID@@@ATL@@V?$CElementTraits@M@3@@ATL@@ABEPAVCNode@12@ABU_GUID@@AAI1AAPAV312@@Z
221,?GetSensorData@CAmbientLightAwareSensorEvents@@AAEJPAUISensor@@PAUISensorDataReport@@@Z
222,?GetSensorData@CAmbientLightAwareSensorEvents@@QAEJPAUISensor@@@Z
223,?GetStartPosition@?$CAtlMap@U_GUID@@MV?$CElementTraits@U_GUID@@@ATL@@V?$CElementTraits@M@3@@ATL@@QBEPAU__POSITION@@XZ
224,?Hash@?$CElementTraits@U_GUID@@@ATL@@SAKABU_GUID@@@Z
225,?InitHashTable@?$CAtlMap@U_GUID@@MV?$CElementTraits@U_GUID@@@ATL@@V?$CElementTraits@M@3@@ATL@@QAE_NI_N@Z
226,?IsEmpty@?$CAtlMap@U_GUID@@MV?$CElementTraits@U_GUID@@@ATL@@V?$CElementTraits@M@3@@ATL@@QBE_NXZ
227,?IsLocked@?$CAtlMap@U_GUID@@MV?$CElementTraits@U_GUID@@@ATL@@V?$CElementTraits@M@3@@ATL@@ABE_NXZ
228,?NewNode@?$CAtlMap@U_GUID@@MV?$CElementTraits@U_GUID@@@ATL@@V?$CElementTraits@M@3@@ATL@@AAEPAVCNode@12@ABU_GUID@@II@Z
229,?OnDataUpdated@CAmbientLightAwareSensorEvents@@UAGJPAUISensor@@PAUISensorDataReport@@@Z
230,?OnEvent@CAmbientLightAwareSensorEvents@@UAGJPAUISensor@@ABU_GUID@@PAUIPortableDeviceValues@@@Z
231,?OnLeave@CAmbientLightAwareSensorEvents@@UAGJABU_GUID@@@Z
232,?OnStateChanged@CAmbientLightAwareSensorEvents@@UAGJPAUISensor@@W4__MIDL___MIDL_itf_sensorsapi_0000_0000_0001@@@Z
233,?PickSize@?$CAtlMap@U_GUID@@MV?$CElementTraits@U_GUID@@@ATL@@V?$CElementTraits@M@3@@ATL@@ABEII@Z
234,?QueryInterface@CAmbientLightAwareSensorEvents@@UAGJABU_GUID@@PAPAX@Z
235,?Rehash@?$CAtlMap@U_GUID@@MV?$CElementTraits@U_GUID@@@ATL@@V?$CElementTraits@M@3@@ATL@@QAEXI@Z
236,?Release@CAmbientLightAwareSensorEvents@@UAGKXZ
237,?RemoveAll@?$CAtlMap@U_GUID@@MV?$CElementTraits@U_GUID@@@ATL@@V?$CElementTraits@M@3@@ATL@@QAEXXZ
238,?RemoveKey@?$CAtlMap@U_GUID@@MV?$CElementTraits@U_GUID@@@ATL@@V?$CElementTraits@M@3@@ATL@@QAE_NABU_GUID@@@Z
239,?RemoveNode@?$CAtlMap@U_GUID@@MV?$CElementTraits@U_GUID@@@ATL@@V?$CElementTraits@M@3@@ATL@@AAEXPAVCNode@12@0@Z
240,?SetOptimalLoad@?$CAtlMap@U_GUID@@MV?$CElementTraits@U_GUID@@@ATL@@V?$CElementTraits@M@3@@ATL@@QAEXMMM_N@Z
241,?TraceV@CTrace@ATL@@QBAXPBDHKIPB_WPAD@Z
242,?UpdateLux@CAmbientLightAwareSensorEvents@@AAEJXZ
243,?UpdateRehashThresholds@?$CAtlMap@U_GUID@@MV?$CElementTraits@U_GUID@@@ATL@@V?$CElementTraits@M@3@@ATL@@AAEXXZ
244,?data@CAtlPlex@ATL@@QAEPAXXZ
245,___
246,_HRESULT_FROM_WIN32
247,_IsEqualGUID
248,_PropVariantInit
249,??0?$CAtlMap@U_GUID@@PAUISensor@@V?$CElementTraits@U_GUID@@@ATL@@V?$CElementTraits@PAUISensor@@@4@@ATL@@QAE@IMMMI@Z
250,??0?$CComPtr@UISensor@@@ATL@@QAE@XZ
251,??0?$CComPtr@UISensorCollection@@@ATL@@QAE@XZ
252,??0?$CComPtr@UISensorManager@@@ATL@@QAE@XZ
253,??0?$CComPtrBase@UISensor@@@ATL@@IAE@XZ
254,??0?$CComPtrBase@UISensorCollection@@@ATL@@IAE@XZ
255,??0?$CComPtrBase@UISensorManager@@@ATL@@IAE@XZ
256,??0CAmbientLightAwareSensorManagerEvents@@QAE@PAVCAmbientLightAwareDlg@@@Z
257,??0CNode@?$CAtlMap@U_GUID@@PAUISensor@@V?$CElementTraits@U_GUID@@@ATL@@V?$CElementTraits@PAUISensor@@@4@@ATL@@QAE@ABU_GUID@@I@Z
258,??0CPair@?$CAtlMap@U_GUID@@PAUISensor@@V?$CElementTraits@U_GUID@@@ATL@@V?$CElementTraits@PAUISensor@@@4@@ATL@@IAE@ABU_GUID@@@Z
259,??0ISensorManagerEvents@@QAE@XZ
260,??1?$CAtlMap@U_GUID@@PAUISensor@@V?$CElementTraits@U_GUID@@@ATL@@V?$CElementTraits@PAUISensor@@@4@@ATL@@QAE@XZ
261,??1?$CComPtr@UISensor@@@ATL@@QAE@XZ
262,??1?$CComPtr@UISensorCollection@@@ATL@@QAE@XZ
263,??1?$CComPtr@UISensorManager@@@ATL@@QAE@XZ
264,??1?$CComPtrBase@UISensor@@@ATL@@QAE@XZ
265,??1?$CComPtrBase@UISensorCollection@@@ATL@@QAE@XZ
266,??1?$CComPtrBase@UISensorManager@@@ATL@@QAE@XZ
267,??1CAmbientLightAwareSensorManagerEvents@@UAE@XZ
268,??A?$CAtlMap@U_GUID@@PAUISensor@@V?$CElementTraits@U_GUID@@@ATL@@V?$CElementTraits@PAUISensor@@@4@@ATL@@QAEAAPAUISensor@@ABU_GUID@@@Z
269,??B?$CComPtrBase@UISensor@@@ATL@@QBEPAUISensor@@XZ
270,??B?$CComPtrBase@UISensorCollection@@@ATL@@QBEPAUISensorCollection@@XZ
271,??B?$CComPtrBase@UISensorManager@@@ATL@@QBEPAUISensorManager@@XZ
272,??C?$CComPtrBase@UISensorCollection@@@ATL@@QBEPAV?$_NoAddRefReleaseOnCComPtr@UISensorCollection@@@1@XZ
273,??C?$CComPtrBase@UISensorManager@@@ATL@@QBEPAV?$_NoAddRefReleaseOnCComPtr@UISensorManager@@@1@XZ
274,??I?$CComPtrBase@UISensor@@@ATL@@QAEPAPAUISensor@@XZ
275,??I?$CComPtrBase@UISensorCollection@@@ATL@@QAEPAPAUISensorCollection@@XZ
276,??_GCAmbientLightAwareSensorManagerEvents@@UAEPAXI@Z
277,?AddRef@CAmbientLightAwareSensorManagerEvents@@UAGKXZ
278,?AddSensor@CAmbientLightAwareSensorManagerEvents@@AAEJPAUISensor@@@Z
279,?CoCreateInstance@?$CComPtrBase@UISensorManager@@@ATL@@QAEJABU_GUID@@PAUIUnknown@@K@Z
280,?CreateNode@?$CAtlMap@U_GUID@@PAUISensor@@V?$CElementTraits@U_GUID@@@ATL@@V?$CElementTraits@PAUISensor@@@4@@ATL@@AAEPAVCNode@12@ABU_GUID@@II@Z
281,?DisableAutoRehash@?$CAtlMap@U_GUID@@PAUISensor@@V?$CElementTraits@U_GUID@@@ATL@@V?$CElementTraits@PAUISensor@@@4@@ATL@@QAEXXZ
282,?EnableAutoRehash@?$CAtlMap@U_GUID@@PAUISensor@@V?$CElementTraits@U_GUID@@@ATL@@V?$CElementTraits@PAUISensor@@@4@@ATL@@QAEXXZ
283,?FindNextNode@?$CAtlMap@U_GUID@@PAUISensor@@V?$CElementTraits@U_GUID@@@ATL@@V?$CElementTraits@PAUISensor@@@4@@ATL@@ABEPAVCNode@12@PAV312@@Z
284,?FreeNode@?$CAtlMap@U_GUID@@PAUISensor@@V?$CElementTraits@U_GUID@@@ATL@@V?$CElementTraits@PAUISensor@@@4@@ATL@@AAEXPAVCNode@12@@Z
285,?FreePlexes@?$CAtlMap@U_GUID@@PAUISensor@@V?$CElementTraits@U_GUID@@@ATL@@V?$CElementTraits@PAUISensor@@@4@@ATL@@AAEXXZ
286,?GetHash@CNode@?$CAtlMap@U_GUID@@PAUISensor@@V?$CElementTraits@U_GUID@@@ATL@@V?$CElementTraits@PAUISensor@@@4@@ATL@@QBEIXZ
287,?GetNextValue@?$CAtlMap@U_GUID@@PAUISensor@@V?$CElementTraits@U_GUID@@@ATL@@V?$CElementTraits@PAUISensor@@@4@@ATL@@QAEAAPAUISensor@@AAPAU__POSITION@@@Z
288,?GetNode@?$CAtlMap@U_GUID@@PAUISensor@@V?$CElementTraits@U_GUID@@@ATL@@V?$CElementTraits@PAUISensor@@@4@@ATL@@ABEPAVCNode@12@ABU_GUID@@AAI1AAPAV312@@Z
289,?GetStartPosition@?$CAtlMap@U_GUID@@PAUISensor@@V?$CElementTraits@U_GUID@@@ATL@@V?$CElementTraits@PAUISensor@@@4@@ATL@@QBEPAU__POSITION@@XZ
290,?InitHashTable@?$CAtlMap@U_GUID@@PAUISensor@@V?$CElementTraits@U_GUID@@@ATL@@V?$CElementTraits@PAUISensor@@@4@@ATL@@QAE_NI_N@Z
291,?Initialize@CAmbientLightAwareSensorManagerEvents@@QAEJXZ
292,?IsEmpty@?$CAtlMap@U_GUID@@PAUISensor@@V?$CElementTraits@U_GUID@@@ATL@@V?$CElementTraits@PAUISensor@@@4@@ATL@@QBE_NXZ
293,?IsLocked@?$CAtlMap@U_GUID@@PAUISensor@@V?$CElementTraits@U_GUID@@@ATL@@V?$CElementTraits@PAUISensor@@@4@@ATL@@ABE_NXZ
294,?Lookup@?$CAtlMap@U_GUID@@PAUISensor@@V?$CElementTraits@U_GUID@@@ATL@@V?$CElementTraits@PAUISensor@@@4@@ATL@@QAEPAVCPair@12@ABU_GUID@@@Z
295,?NewNode@?$CAtlMap@U_GUID@@PAUISensor@@V?$CElementTraits@U_GUID@@@ATL@@V?$CElementTraits@PAUISensor@@@4@@ATL@@AAEPAVCNode@12@ABU_GUID@@II@Z
296,?OnSensorEnter@CAmbientLightAwareSensorManagerEvents@@UAGJPAUISensor@@W4__MIDL___MIDL_itf_sensorsapi_0000_0000_0001@@@Z
297,?PickSize@?$CAtlMap@U_GUID@@PAUISensor@@V?$CElementTraits@U_GUID@@@ATL@@V?$CElementTraits@PAUISensor@@@4@@ATL@@ABEII@Z
298,?QueryInterface@CAmbientLightAwareSensorManagerEvents@@UAGJABU_GUID@@PAPAX@Z
299,?Rehash@?$CAtlMap@U_GUID@@PAUISensor@@V?$CElementTraits@U_GUID@@@ATL@@V?$CElementTraits@PAUISensor@@@4@@ATL@@QAEXI@Z
300,?Release@CAmbientLightAwareSensorManagerEvents@@UAGKXZ
301,?RemoveAll@?$CAtlMap@U_GUID@@PAUISensor@@V?$CElementTraits@U_GUID@@@ATL@@V?$CElementTraits@PAUISensor@@@4@@ATL@@QAEXXZ
302,?RemoveKey@?$CAtlMap@U_GUID@@PAUISensor@@V?$CElementTraits@U_GUID@@@ATL@@V?$CElementTraits@PAUISensor@@@4@@ATL@@QAE_NABU_GUID@@@Z
303,?RemoveNode@?$CAtlMap@U_GUID@@PAUISensor@@V?$CElementTraits@U_GUID@@@ATL@@V?$CElementTraits@PAUISensor@@@4@@ATL@@AAEXPAVCNode@12@0@Z
304,?RemoveSensor@CAmbientLightAwareSensorManagerEvents@@AAEJPAUISensor@@@Z
305,?RemoveSensor@CAmbientLightAwareSensorManagerEvents@@QAEJABU_GUID@@@Z
306,?SetOptimalLoad@?$CAtlMap@U_GUID@@PAUISensor@@V?$CElementTraits@U_GUID@@@ATL@@V?$CElementTraits@PAUISensor@@@4@@ATL@@QAEXMMM_N@Z
307,?Uninitialize@CAmbientLightAwareSensorManagerEvents@@QAEJXZ
308,?UpdateRehashThresholds@?$CAtlMap@U_GUID@@PAUISensor@@V?$CElementTraits@U_GUID@@@ATL@@V?$CElementTraits@PAUISensor@@@4@@ATL@@AAEXXZ
309,?_AfxInitManaged@@YAHXZ
310,??3@YAXPAX@Z
311,?OnHelp@CWinApp@@IAEXXZ
312,?GetThisMessageMap@CWinApp@@KGPBUAFX_MSGMAP@@XZ
313,??3CObject@@SGXPAX@Z
314,?Serialize@CObject@@UAEXAAVCArchive@@@Z
315,?OnCmdMsg@CCmdTarget@@UAEHIHPAXPAUAFX_CMDHANDLERINFO@@@Z
316,?OnFinalRelease@CCmdTarget@@UAEXXZ
317,?IsInvokeAllowed@CCmdTarget@@UAEHJ@Z
318,?GetDispatchIID@CCmdTarget@@UAEHPAU_GUID@@@Z
319,?GetTypeInfoCount@CCmdTarget@@UAEIXZ
320,?GetTypeLibCache@CCmdTarget@@UAEPAVCTypeLibCache@@XZ
321,?GetTypeLib@CCmdTarget@@UAEJKPAPAUITypeLib@@@Z
322,?GetCommandMap@CCmdTarget@@MBEPBUAFX_OLECMDMAP@@XZ
323,?GetDispatchMap@CCmdTarget@@MBEPBUAFX_DISPMAP@@XZ
324,?GetConnectionMap@CCmdTarget@@MBEPBUAFX_CONNECTIONMAP@@XZ
325,?GetInterfaceMap@CCmdTarget@@MBEPBUAFX_INTERFACEMAP@@XZ
326,?GetEventSinkMap@CCmdTarget@@MBEPBUAFX_EVENTSINKMAP@@XZ
327,?OnCreateAggregates@CCmdTarget@@UAEHXZ
328,?GetInterfaceHook@CCmdTarget@@UAEPAUIUnknown@@PBX@Z
329,?GetExtraConnectionPoints@CCmdTarget@@MAEHPAVCPtrArray@@@Z
330,?GetConnectionHook@CCmdTarget@@MAEPAUIConnectionPoint@@ABU_GUID@@@Z
331,?DoModal@CDialog@@UAEHXZ
332,?PreTranslateMessage@CWinThread@@UAEHPAUtagMSG@@@Z
333,?PumpMessage@CWinThread@@UAEHXZ
334,?IsIdleMessage@CWinThread@@UAEHPAUtagMSG@@@Z
335,?ProcessMessageFilter@CWinThread@@UAEHHPAUtagMSG@@@Z
336,?GetMainWnd@CWinThread@@UAEPAVCWnd@@XZ
337,?Delete@CWinThread@@UAEXXZ
338,?GetRuntimeClass@CWinApp@@UBEPAUCRuntimeClass@@XZ
339,??0CWinApp@@QAE@PB_W@Z
340,?GetProfileIntW@CWinApp@@UAEIPB_W0H@Z
341,?WriteProfileInt@CWinApp@@UAEHPB_W0H@Z
342,?GetProfileStringW@CWinApp@@UAE?AV?$CStringT@_WV?$StrTraitMFC_DLL@_WV?$ChTraitsCRT@_W@ATL@@@@@ATL@@PB_W00@Z
343,?WriteProfileStringW@CWinApp@@UAEHPB_W00@Z
344,?GetProfileBinary@CWinApp@@UAEHPB_W0PAPAEPAI@Z
345,?WriteProfileBinary@CWinApp@@UAEHPB_W0PAEI@Z
346,?InitLibId@CWinApp@@UAEXXZ
347,?Register@CWinApp@@UAEHXZ
348,?Unregister@CWinApp@@UAEHXZ
349,?OpenDocumentFile@CWinApp@@UAEPAVCDocument@@PB_W@Z
350,?OpenDocumentFile@CWinApp@@UAEPAVCDocument@@PB_WH@Z
351,?AddToRecentFileList@CWinApp@@UAEXPB_W@Z
352,?InitApplication@CWinApp@@UAEHXZ
353,?SaveAllModified@CWinApp@@UAEHXZ
354,?DoMessageBox@CWinApp@@UAEHPB_WII@Z
355,?DoWaitCursor@CWinApp@@UAEXH@Z
356,?OnDDECommand@CWinApp@@UAEHPA_W@Z
357,?WinHelpW@CWinApp@@UAEXKI@Z
358,?HtmlHelpW@CWinApp@@UAEXKI@Z
359,?WinHelpInternal@CWinApp@@UAEXKI@Z
360,?RegisterWithRestartManager@CWinApp@@UAEJHABV?$CStringT@_WV?$StrTraitMFC_DLL@_WV?$ChTraitsCRT@_W@ATL@@@@@ATL@@@Z
361,?RegisterWithRestartManager@CWinApp@@UAEJPB_WKP6GKPAX@Z1KK@Z
362,?ApplicationRecoveryCallback@CWinApp@@UAEKPAX@Z
363,?GetDataRecoveryHandler@CWinApp@@UAEPAVCDataRecoveryHandler@@XZ
364,?IsTaskbarInteractionEnabled@CWinApp@@UAEHXZ
365,?InitInstance@CWinApp@@UAEHXZ
366,?ExitInstance@CWinApp@@UAEHXZ
367,?RestartInstance@CWinApp@@UAEHXZ
368,?Run@CWinApp@@UAEHXZ
369,?OnIdle@CWinApp@@UAEHJ@Z
370,?ProcessWndProcException@CWinApp@@UAEJPAVCException@@PBUtagMSG@@@Z
371,?LoadAppLangResourceDLL@CWinApp@@UAEPAUHINSTANCE__@@XZ
372,??1CWinApp@@UAE@XZ
373,?AssertValid@CWinApp@@UBEXXZ
374,?Dump@CWinApp@@UBEXAAVCDumpContext@@@Z
375,?LoadSysPolicies@CWinApp@@UAEHXZ
376,?GetThisMessageMap@CDialog@@KGPBUAFX_MSGMAP@@XZ
377,??B?$CSimpleStringT@_W$00@ATL@@QBEPB_WXZ
378,??0?$CStringT@_WV?$StrTraitMFC_DLL@_WV?$ChTraitsCRT@_W@ATL@@@@@ATL@@QAE@XZ
379,??1?$CStringT@_WV?$StrTraitMFC_DLL@_WV?$ChTraitsCRT@_W@ATL@@@@@ATL@@QAE@XZ
380,?Format@?$CStringT@_WV?$StrTraitMFC_DLL@_WV?$ChTraitsCRT@_W@ATL@@@@@ATL@@QAAXPB_WZZ
381,??2@YAPAXIPBDH@Z
382,??3@YAXPAXPBDH@Z
383,??0CFont@@QAE@XZ
384,?CreateFontIndirectW@CFont@@QAEHPBUtagLOGFONTW@@@Z
385,?GetLogFont@CFont@@QAEHPAUtagLOGFONTW@@@Z
386,??1CFont@@UAE@XZ
387,?GetSafeHdc@CDC@@QBEPAUHDC__@@XZ
388,?DrawIcon@CDC@@QAEHHHPAUHICON__@@@Z
389,??0CPaintDC@@QAE@PAVCWnd@@@Z
390,??1CPaintDC@@UAE@XZ
391,?PreSubclassWindow@CWnd@@UAEXXZ
392,?Create@CWnd@@UAEHPB_W0KABUtagRECT@@PAV1@IPAUCCreateContext@@@Z
393,?CreateEx@CWnd@@UAEHKPB_W0KHHHHPAUHWND__@@PAUHMENU__@@PAX@Z
394,?CreateEx@CWnd@@UAEHKPB_W0KABUtagRECT@@PAV1@IPAX@Z
395,?DestroyWindow@CWnd@@UAEHXZ
396,?PreCreateWindow@CWnd@@UAEHAAUtagCREATESTRUCTW@@@Z
397,?CalcWindowRect@CWnd@@UAEXPAUtagRECT@@I@Z
398,?GetDlgItem@CWnd@@QBEPAV1@H@Z
399,?SendMessageW@CWnd@@QBEJIIJ@Z
400,?SetFont@CWnd@@QAEXPAVCFont@@H@Z
401,?GetFont@CWnd@@QBEPAVCFont@@XZ
402,?GetMenu@CWnd@@UBEPAVCMenu@@XZ
403,?SetMenu@CWnd@@UAEHPAVCMenu@@@Z
404,?IsIconic@CWnd@@QBEHXZ
405,?GetClientRect@CWnd@@QBEXPAUtagRECT@@@Z
406,?UpdateWindow@CWnd@@QAEXXZ
407,?Invalidate@CWnd@@QAEXH@Z
408,?OnToolHitTest@CWnd@@UBEHVCPoint@@PAUtagTOOLINFOW@@@Z
409,?SetDlgItemTextW@CWnd@@QAEXHPB_W@Z
410,?GetScrollBarCtrl@CWnd@@UBEPAVCScrollBar@@H@Z
411,?SetIcon@CWnd@@QAEPAUHICON__@@PAU2@H@Z
412,?WinHelpW@CWnd@@UAEXKI@Z
413,?HtmlHelpW@CWnd@@UAEXKI@Z
414,?WinHelpInternal@CWnd@@UAEXKI@Z
415,?ContinueModal@CWnd@@UAEHXZ
416,?EndModalLoop@CWnd@@UAEXH@Z
417,?OnDrawIconicThumbnailOrLivePreview@CWnd@@UAEXAAVCDC@@VCRect@@VCSize@@HAAH@Z
418,?GetInterfaceMap@CWnd@@MBEPBUAFX_INTERFACEMAP@@XZ
419,?EnsureStdObj@CWnd@@UAEJXZ
420,?get_accParent@CWnd@@UAEJPAPAUIDispatch@@@Z
421,?get_accChildCount@CWnd@@UAEJPAJ@Z
422,?get_accChild@CWnd@@UAEJUtagVARIANT@@PAPAUIDispatch@@@Z
423,?get_accName@CWnd@@UAEJUtagVARIANT@@PAPA_W@Z
424,?get_accValue@CWnd@@UAEJUtagVARIANT@@PAPA_W@Z
425,?get_accDescription@CWnd@@UAEJUtagVARIANT@@PAPA_W@Z
426,?get_accRole@CWnd@@UAEJUtagVARIANT@@PAU2@@Z
427,?get_accState@CWnd@@UAEJUtagVARIANT@@PAU2@@Z
428,?get_accHelp@CWnd@@UAEJUtagVARIANT@@PAPA_W@Z
429,?get_accHelpTopic@CWnd@@UAEJPAPA_WUtagVARIANT@@PAJ@Z
430,?get_accKeyboardShortcut@CWnd@@UAEJUtagVARIANT@@PAPA_W@Z
431,?get_accFocus@CWnd@@UAEJPAUtagVARIANT@@@Z
432,?get_accSelection@CWnd@@UAEJPAUtagVARIANT@@@Z
433,?get_accDefaultAction@CWnd@@UAEJUtagVARIANT@@PAPA_W@Z
434,?accSelect@CWnd@@UAEJJUtagVARIANT@@@Z
435,?accLocation@CWnd@@UAEJPAJ000UtagVARIANT@@@Z
436,?accNavigate@CWnd@@UAEJJUtagVARIANT@@PAU2@@Z
437,?accHitTest@CWnd@@UAEJJJPAUtagVARIANT@@@Z
438,?accDoDefaultAction@CWnd@@UAEJUtagVARIANT@@@Z
439,?put_accName@CWnd@@UAEJUtagVARIANT@@PA_W@Z
440,?put_accValue@CWnd@@UAEJUtagVARIANT@@PA_W@Z
441,?SetProxy@CWnd@@UAEJPAUIAccessibleProxy@@@Z
442,?CreateAccessibleProxy@CWnd@@UAEJIJPAJ@Z
443,?OnCommand@CWnd@@MAEHIJ@Z
444,?OnNotify@CWnd@@MAEHIJPAJ@Z
445,?GetSuperWndProcAddr@CWnd@@MAEPAP6GJPAUHWND__@@IIJ@ZXZ
446,?DoDataExchange@CWnd@@MAEXPAVCDataExchange@@@Z
447,?BeginModalState@CWnd@@UAEXXZ
448,?EndModalState@CWnd@@UAEXXZ
449,?OnAmbientProperty@CWnd@@UAEHPAVCOleControlSite@@JPAUtagVARIANT@@@Z
450,?WindowProc@CWnd@@MAEJIIJ@Z
451,?OnWndMsg@CWnd@@MAEHIIJPAJ@Z
452,?DefWindowProcW@CWnd@@MAEJIIJ@Z
453,?PostNcDestroy@CWnd@@MAEXXZ
454,?OnChildNotify@CWnd@@MAEHIIJPAJ@Z
455,?OnTouchInputs@CWnd@@MAEHIPAUtagTOUCHINPUT@@@Z
456,?OnTouchInput@CWnd@@MAEHVCPoint@@HHPAUtagTOUCHINPUT@@@Z
457,?GetGestureStatus@CWnd@@MAEKVCPoint@@@Z
458,?OnGestureZoom@CWnd@@MAEHVCPoint@@J@Z
459,?OnGesturePan@CWnd@@MAEHVCPoint@@0@Z
460,?OnGestureRotate@CWnd@@MAEHVCPoint@@N@Z
461,?OnGestureTwoFingerTap@CWnd@@MAEHVCPoint@@@Z
462,?OnGesturePressAndTap@CWnd@@MAEHVCPoint@@J@Z
463,?IsFrameWnd@CWnd@@UBEHXZ
464,?OnFinalRelease@CWnd@@UAEXXZ
465,?CreateControlContainer@CWnd@@MAEHPAPAVCOleControlContainer@@@Z
466,?CreateControlSite@CWnd@@MAEHPAVCOleControlContainer@@PAPAVCOleControlSite@@IABU_GUID@@@Z
467,?GetRuntimeClass@CDialog@@UBEPAUCRuntimeClass@@XZ
468,?Create@CDialog@@UAEHPB_WPAVCWnd@@@Z
469,?Create@CDialog@@UAEHIPAVCWnd@@@Z
470,?CreateIndirect@CDialog@@UAEHPBUDLGTEMPLATE@@PAVCWnd@@PAX@Z
471,?CreateIndirect@CDialog@@UAEHPAXPAVCWnd@@@Z
472,??0CDialog@@QAE@IPAVCWnd@@@Z
473,?OnInitDialog@CDialog@@UAEHXZ
474,?OnSetFont@CDialog@@UAEXPAVCFont@@@Z
475,?OnOK@CDialog@@MAEXXZ
476,?OnCancel@CDialog@@MAEXXZ
477,??1CDialog@@UAE@XZ
478,?AssertValid@CDialog@@UBEXXZ
479,?Dump@CDialog@@UBEXAAVCDumpContext@@@Z
480,?PreTranslateMessage@CDialog@@UAEHPAUtagMSG@@@Z
481,?OnCmdMsg@CDialog@@UAEHIHPAXPAUAFX_CMDHANDLERINFO@@@Z
482,?CheckAutoCenter@CDialog@@UAEHXZ
483,?SetOccDialogInfo@CDialog@@MAEHPAU_AFX_OCC_DIALOG_INFO@@@Z
484,?GetOccDialogInfo@CDialog@@MAEPAU_AFX_OCC_DIALOG_INFO@@XZ
485,?PreInitDialog@CDialog@@MAEXXZ
486,?OnPaint@CDialog@@IAEXXZ
487,?AfxGetApp@@YGPAVCWinApp@@XZ
488,?LoadIconW@CWinApp@@QBEPAUHICON__@@I@Z
489,??_U@YAPAXI@Z
490,??_V@YAXPAX@Z
491,?AfxThrowMemoryException@@YGXXZ
492,?AfxThrowOleException@@YGXJ@Z
493,??2@YAPAXI@Z
494,??1CComBSTR@ATL@@QAE@XZ
495,??1stringdispid@CComTypeInfoHolder@ATL@@QAE@XZ
496,??_Estringdispid@CComTypeInfoHolder@ATL@@QAEPAXI@Z
497,pre_c_init
498,pre_cpp_init
499,_NtCurrentTeb
500,__tmainCRTStartup
501,check_managed_app
502,_wWinMainCRTStartup
503,___atonexitinit
504,__onexit
505,_atexit
506,@_RTC_AllocaHelper@12
507,@_RTC_CheckStackVars2@12
508,@_RTC_CheckStackVars@8
509,__RTC_CheckEsp
510,@__security_check_cookie@4
511,__RTC_InitBase
512,__RTC_Shutdown
513,___CxxFrameHandler3
514,??0type_info@@AAE@ABV0@@Z
515,??4type_info@@AAEAAV0@ABV0@@Z
516,??_Etype_info@@UAEPAXI@Z
517,_memset
518,_memcmp
519,_free
520,_malloc
521,__CrtDbgReportW
522,__CxxThrowException@8
523,??_M@YGXPAXIHP6EX0@Z@Z
524,ArrayUnwindFilter
525,?__ArrayUnwind@@YGXPAXIHP6EX0@Z@Z
526,?__CxxUnhandledExceptionFilter@@YGJPAU_EXCEPTION_POINTERS@@@Z
527,___CxxSetUnhandledExceptionFilter
528,__XcptFilter
529,___crtGetShowWindowMode
530,__amsg_exit
531,__wsetargv
532,___wgetmainargs
533,___set_app_type
534,__CrtSetCheckCount
535,__FindPESection
536,__IsNonwritableInCurrentImage
537,__ValidateImageBase
538,_exit_0
539,__exit
540,__cexit
541,___security_init_cookie
542,__matherr
543,__RTC_Initialize
544,__RTC_Terminate
545,__configthreadlocale
546,__invoke_watson_if_error
547,__setdefaultprecision
548,___setusermatherr
549,__initterm_e
550,__initterm
551,__except_handler4
552,__lock
553,__unlock
554,__calloc_dbg
555,___dllonexit
556,DebuggerProbe
557,DebuggerRuntime
558,?_RTC_AllocaFailure@@YAXPAXPAU_RTC_ALLOCA_NODE@@H@Z
559,?_RTC_Failure@@YAXPAXH@Z
560,?_RTC_StackFailure@@YAXPAXPBD@Z
561,_getMemBlockDataString
562,failwithmessage
563,__RTC_UninitUse
564,___raise_securityfailure
565,___report_gsfailure
566,___report_rangecheckfailure
567,___report_securityfailure
568,___report_securityfailureEx
569,?_RTC_GetErrorFunc@@YAP6AHHPBDH00ZZPBX@Z
570,?_RTC_GetErrorFuncW@@YAP6AHHPB_WH00ZZPBX@Z
571,__RTC_GetErrDesc
572,__RTC_NumErrors
573,__RTC_SetErrorFunc
574,__RTC_SetErrorFuncW
575,__RTC_SetErrorType
576,__CRT_RTC_INITW
577,??1type_info@@UAE@XZ_0
578,?terminate@@YAXXZ_0
579,___crtSetUnhandledExceptionFilter
580,__invoke_watson
581,__controlfp_s
582,__except_handler4_common
583,GetPdbDll
584,GetPdbDllFromInstallPath
585,GetPdbDllPathFromFilePath
586,?_RTC_GetSrcLine@@YAHPAEPA_WKPAH1K@Z
587,__crt_debugger_hook
588,___crtUnhandledException
589,___crtTerminateProcess
590,_wcscpy_s
591,__wmakepath_s
592,__wsplitpath_s
593,_HeapSetInformation@16
594,_EncodePointer@4
595,_DecodePointer@4
596,_QueryPerformanceCounter@4
597,_GetCurrentThreadId@0
598,_GetSystemTimeAsFileTime@4
599,_GetTickCount64@0
600,_IsDebuggerPresent@0
601,_RaiseException@16
602,_GetLastError@0
603,_GetProcAddress@8
604,_LoadLibraryExW@12
605,_lstrlenA@4
606,_LoadLibraryW@4
607,_MultiByteToWideChar@24
608,_WideCharToMultiByte@32
609,_IsProcessorFeaturePresent@4
610,_HeapAlloc@12
611,_HeapFree@12
612,_GetProcessHeap@0
613,_VirtualQuery@12
614,_FreeLibrary@4
615,_GetModuleFileNameW@12
616,_GetModuleHandleW@4
617,_GetSystemMetrics@4
618,_InitCommonControlsEx@4
619,??0CPoint@@QAE@HH@Z
620,??0CPoint@@QAE@J@Z
621,??0CPoint@@QAE@UtagPOINT@@@Z
622,??0CPoint@@QAE@UtagSIZE@@@Z
623,??0CPoint@@QAE@XZ
624,??0CRect@@QAE@ABUtagRECT@@@Z
625,??0CRect@@QAE@HHHH@Z
626,??0CRect@@QAE@PBUtagRECT@@@Z
627,??0CRect@@QAE@UtagPOINT@@0@Z
628,??0CRect@@QAE@UtagPOINT@@UtagSIZE@@@Z
629,??0CRect@@QAE@XZ
630,??0CSize@@QAE@HH@Z
631,??0CSize@@QAE@K@Z
632,??0CSize@@QAE@UtagPOINT@@@Z
633,??0CSize@@QAE@UtagSIZE@@@Z
634,??0CSize@@QAE@XZ
635,??4CRect@@QAEXABUtagRECT@@@Z
636,??8CPoint@@QBEHUtagPOINT@@@Z
637,??8CRect@@QBEHABUtagRECT@@@Z
638,??8CSize@@QBEHUtagSIZE@@@Z
639,??9CPoint@@QBEHUtagPOINT@@@Z
640,??9CRect@@QBEHABUtagRECT@@@Z
641,??9CSize@@QBEHUtagSIZE@@@Z
642,??BCRect@@QAEPAUtagRECT@@XZ
643,??BCRect@@QBEPBUtagRECT@@XZ
644,??GCPoint@@QBE?AV0@UtagSIZE@@@Z
645,??GCPoint@@QBE?AV0@XZ
646,??GCPoint@@QBE?AVCRect@@PBUtagRECT@@@Z
647,??GCPoint@@QBE?AVCSize@@UtagPOINT@@@Z
648,??GCRect@@QBE?AV0@PBUtagRECT@@@Z
649,??GCRect@@QBE?AV0@UtagPOINT@@@Z
650,??GCRect@@QBE?AV0@UtagSIZE@@@Z
651,??GCSize@@QBE?AV0@UtagSIZE@@@Z
652,??GCSize@@QBE?AV0@XZ
653,??GCSize@@QBE?AVCPoint@@UtagPOINT@@@Z
654,??GCSize@@QBE?AVCRect@@PBUtagRECT@@@Z
655,??HCPoint@@QBE?AV0@UtagPOINT@@@Z
656,??HCPoint@@QBE?AV0@UtagSIZE@@@Z
657,??HCPoint@@QBE?AVCRect@@PBUtagRECT@@@Z
658,??HCRect@@QBE?AV0@PBUtagRECT@@@Z
659,??HCRect@@QBE?AV0@UtagPOINT@@@Z
660,??HCRect@@QBE?AV0@UtagSIZE@@@Z
661,??HCSize@@QBE?AV0@UtagSIZE@@@Z
662,??HCSize@@QBE?AVCPoint@@UtagPOINT@@@Z
663,??HCSize@@QBE?AVCRect@@PBUtagRECT@@@Z
664,??ICRect@@QBE?AV0@ABUtagRECT@@@Z
665,??UCRect@@QBE?AV0@ABUtagRECT@@@Z
666,??YCPoint@@QAEXUtagPOINT@@@Z
667,??YCPoint@@QAEXUtagSIZE@@@Z
668,??YCRect@@QAEXPBUtagRECT@@@Z
669,??YCRect@@QAEXUtagPOINT@@@Z
670,??YCRect@@QAEXUtagSIZE@@@Z
671,??YCSize@@QAEXUtagSIZE@@@Z
672,??ZCPoint@@QAEXUtagPOINT@@@Z
673,??ZCPoint@@QAEXUtagSIZE@@@Z
674,??ZCRect@@QAEXPBUtagRECT@@@Z
675,??ZCRect@@QAEXUtagPOINT@@@Z
676,??ZCRect@@QAEXUtagSIZE@@@Z
677,??ZCSize@@QAEXUtagSIZE@@@Z
678,??_4CRect@@QAEXABUtagRECT@@@Z
679,??_5CRect@@QAEXABUtagRECT@@@Z
680,?BottomRight@CRect@@QAEAAVCPoint@@XZ
681,?BottomRight@CRect@@QBEABVCPoint@@XZ
682,?CenterPoint@CRect@@QBE?AVCPoint@@XZ
683,?CopyRect@CRect@@QAEXPBUtagRECT@@@Z
684,?DeflateRect@CRect@@QAEXHH@Z
685,?DeflateRect@CRect@@QAEXHHHH@Z
686,?DeflateRect@CRect@@QAEXPBUtagRECT@@@Z
687,?DeflateRect@CRect@@QAEXUtagSIZE@@@Z
688,?EqualRect@CRect@@QBEHPBUtagRECT@@@Z
689,?Height@CRect@@QBEHXZ
690,?InflateRect@CRect@@QAEXHH@Z
691,?InflateRect@CRect@@QAEXHHHH@Z
692,?InflateRect@CRect@@QAEXPBUtagRECT@@@Z
693,?InflateRect@CRect@@QAEXUtagSIZE@@@Z
694,?IntersectRect@CRect@@QAEHPBUtagRECT@@0@Z
695,?IsRectEmpty@CRect@@QBEHXZ
696,?IsRectNull@CRect@@QBEHXZ
697,?MoveToX@CRect@@QAEXH@Z
698,?MoveToXY@CRect@@QAEXHH@Z
699,?MoveToXY@CRect@@QAEXUtagPOINT@@@Z
700,?MoveToY@CRect@@QAEXH@Z
701,?MulDiv@CRect@@QBE?AV1@HH@Z
702,?NormalizeRect@CRect@@QAEXXZ
703,?Offset@CPoint@@QAEXHH@Z
704,?Offset@CPoint@@QAEXUtagPOINT@@@Z
705,?Offset@CPoint@@QAEXUtagSIZE@@@Z
706,?OffsetRect@CRect@@QAEXHH@Z
707,?OffsetRect@CRect@@QAEXUtagPOINT@@@Z
708,?OffsetRect@CRect@@QAEXUtagSIZE@@@Z
709,?PtInRect@CRect@@QBEHUtagPOINT@@@Z
710,?SetPoint@CPoint@@QAEXHH@Z
711,?SetRect@CRect@@QAEXHHHH@Z
712,?SetRect@CRect@@QAEXUtagPOINT@@0@Z
713,?SetRectEmpty@CRect@@QAEXXZ
714,?SetSize@CSize@@QAEXHH@Z
715,?Size@CRect@@QBE?AVCSize@@XZ
716,?SubtractRect@CRect@@QAEHPBUtagRECT@@0@Z
717,?SwapLeftRight@CRect@@QAEXXZ
718,?SwapLeftRight@CRect@@SGXPAUtagRECT@@@Z
719,?TopLeft@CRect@@QAEAAVCPoint@@XZ
720,?TopLeft@CRect@@QBEABVCPoint@@XZ
721,?UnionRect@CRect@@QAEHPBUtagRECT@@0@Z
722,?Width@CRect@@QBEHXZ
723,??$AtlConvAllocMemory@_W@ATL@@YAXPAPA_WHPA_WH@Z
724,??$AtlConvFreeMemory@_W@ATL@@YAXPA_W0H@Z
725,??0?$CA2WEX@$0IA@@ATL@@QAE@PBD@Z
726,??0?$CSimpleArray@KV?$CSimpleArrayEqualHelper@K@ATL@@@ATL@@QAE@XZ
727,??0?$CSimpleArray@UCModuleInfo@CTraceSnapshot@@V?$CSimpleArrayEqualHelper@UCModuleInfo@CTraceSnapshot@@@ATL@@@ATL@@QAE@XZ
728,??0CAtlAllocator@@QAE@XZ
729,??0CTraceSnapshot@@QAE@XZ
730,??1?$CA2WEX@$0IA@@ATL@@QAE@XZ
731,??1?$CSimpleArray@KV?$CSimpleArrayEqualHelper@K@ATL@@@ATL@@QAE@XZ
732,??1?$CSimpleArray@UCModuleInfo@CTraceSnapshot@@V?$CSimpleArrayEqualHelper@UCModuleInfo@CTraceSnapshot@@@ATL@@@ATL@@QAE@XZ
733,??1CAtlAllocator@@QAE@XZ
734,??1CTraceSnapshot@@QAE@XZ
735,??A?$CSimpleArray@UCModuleInfo@CTraceSnapshot@@V?$CSimpleArrayEqualHelper@UCModuleInfo@CTraceSnapshot@@@ATL@@@ATL@@QAEAAUCModuleInfo@CTraceSnapshot@@H@Z
736,??B?$CA2WEX@$0IA@@ATL@@QBEPA_WXZ
737,??_GCAtlAllocator@@QAEPAXI@Z
738,?AtlCrtErrorCheck@ATL@@YAHH@Z
739,?AtlThrowLastWin32@ATL@@YGXXZ
740,?CrtDbgReport@CAtlTraceModule@@QBEP6AHHPBDH00ZZXZ
741,?GetProcess@CAtlAllocator@@QBEPAVCAtlTraceProcess@@XZ
742,?GetSize@?$CSimpleArray@UCModuleInfo@CTraceSnapshot@@V?$CSimpleArrayEqualHelper@UCModuleInfo@CTraceSnapshot@@@ATL@@@ATL@@QBEHXZ
743,?Id@CAtlTraceProcess@@QBEKXZ
744,?Init@?$CA2WEX@$0IA@@ATL@@AAEXPBDI@Z
745,?Name@CAtlTraceCategory@@QBEPB_WXZ
746,?Name@CAtlTraceModuleInfo@@QBEPB_WXZ
747,?NotifyTool@ATL@@YGXXZ
748,?Path@CAtlTraceModuleInfo@@QBEPB_WXZ
749,?RemoveAll@?$CSimpleArray@KV?$CSimpleArrayEqualHelper@K@ATL@@@ATL@@QAEXXZ
750,?RemoveAll@?$CSimpleArray@UCModuleInfo@CTraceSnapshot@@V?$CSimpleArrayEqualHelper@UCModuleInfo@CTraceSnapshot@@@ATL@@@ATL@@QAEXXZ
751,ATL::ShouldTraceOutput
752,?_AtlGetConversionACP@ATL@@YGIXZ
753,?_AtlRaiseException@ATL@@YAXKK@Z
754,?_IsTracingEnabled@ATL@@YA_NKKI@Z
755,?strcpy_s@Checked@ATL@@YAXPADIPBD@Z
756,?wcscpy_s@Checked@ATL@@YAXPA_WIPB_W@Z
757,_AtlTraceCloseProcess@4
758,_AtlTraceGetCategory@16
759,_AtlTraceGetCategoryInfo@16
760,_AtlTraceGetModule@16
761,_AtlTraceGetModuleInfo@12
762,_AtlTraceGetProcess@20
763,_AtlTraceGetProcessInfo@8
764,_AtlTraceGetUpdateEventNameA@4
765,_AtlTraceGetUpdateEventNameA_s@8
766,_AtlTraceGetUpdateEventNameU@4
767,_AtlTraceGetUpdateEventNameU_s@8
768,_AtlTraceModifyCategory@16
769,_AtlTraceModifyModule@16
770,_AtlTraceModifyProcess@20
771,_AtlTraceOpenProcess@4
772,_AtlTraceRegister@8
773,_AtlTraceRegisterCategoryA@8
774,_AtlTraceRegisterCategoryU@8
775,_AtlTraceSnapshotProcess@4
776,_AtlTraceUnregister@4
777,_AtlTraceVA
778,_AtlTraceVU
779,??0CAtlException@ATL@@QAE@J@Z
780,??0CTrace@ATL@@AAE@P6AHHPBDH00ZZ@Z
781,??1CTrace@ATL@@AAE@XZ
782,Init
783,??0CTraceCategory@ATL@@QAE@PB_WI@Z
784,?ChangeCategory@CTrace@ATL@@QAE_NKIW4ATLTRACESTATUS@2@@Z
785,?RegisterCategory@CTrace@ATL@@QAEKPB_W@Z
786,??_H@YGXPAXIHP6EPAX0@Z@Z
787,??_I@YGXPAXIHP6EX0@Z@Z
788,??$?2K@Wrapper@?$CSimpleArray@KV?$CSimpleArrayEqualHelper@K@ATL@@@ATL@@SAPAXIPAK@Z
789,??$?2UCModuleInfo@CTraceSnapshot@@@Wrapper@?$CSimpleArray@UCModuleInfo@CTraceSnapshot@@V?$CSimpleArrayEqualHelper@UCModuleInfo@CTraceSnapshot@@@ATL@@@ATL@@SAPAXIPAUCModuleInfo@CTraceSnapshot@@@Z
790,??0Wrapper@?$CSimpleArray@KV?$CSimpleArrayEqualHelper@K@ATL@@@ATL@@QAE@ABK@Z
791,??0Wrapper@?$CSimpleArray@UCModuleInfo@CTraceSnapshot@@V?$CSimpleArrayEqualHelper@UCModuleInfo@CTraceSnapshot@@@ATL@@@ATL@@QAE@ABUCModuleInfo@CTraceSnapshot@@@Z
792,??A?$CSimpleArray@KV?$CSimpleArrayEqualHelper@K@ATL@@@ATL@@QAEAAKH@Z
793,?Add@?$CSimpleArray@KV?$CSimpleArrayEqualHelper@K@ATL@@@ATL@@QAEHABK@Z
794,?Add@?$CSimpleArray@UCModuleInfo@CTraceSnapshot@@V?$CSimpleArrayEqualHelper@UCModuleInfo@CTraceSnapshot@@@ATL@@@ATL@@QAEHABUCModuleInfo@CTraceSnapshot@@@Z
795,?AddCategory@CAtlAllocator@@QAEHHPB_W@Z
796,?AddModule@CAtlAllocator@@QAEHPAUHINSTANCE__@@@Z
797,?Base@CAtlTraceProcess@@QBEPAXXZ
798,?CategoryCount@CAtlTraceProcess@@QBEHXZ
799,?CleanUp@CAtlAllocator@@QAEXXZ
800,?Close@CAtlAllocator@@QAEX_N@Z
801,?DecRef@CAtlTraceProcess@@QAEIXZ
802,?FindModule@CAtlAllocator@@QBE_NPB_WPAI@Z
803,?GetCategory@CAtlAllocator@@QBEPAVCAtlTraceCategory@@H@Z
804,?GetCategoryCount@CAtlAllocator@@QBEHABVCAtlTraceModule@@@Z
805,?GetCategoryCount@CAtlAllocator@@QBEHH@Z
806,?GetModule@CAtlAllocator@@QBEPAVCAtlTraceModule@@H@Z
807,?GetModuleCount@CAtlAllocator@@QBEHXZ
808,?GetSize@?$CSimpleArray@KV?$CSimpleArrayEqualHelper@K@ATL@@@ATL@@QBEHXZ
809,?IncCategoryCount@CAtlTraceProcess@@QAEXI@Z
810,?IncModuleCount@CAtlTraceProcess@@QAEXI@Z
811,?IncRef@CAtlTraceProcess@@QAEIXZ
812,?Init@CAtlAllocator@@QAE_NPB_WK@Z
813,?InternalSetAtIndex@?$CSimpleArray@KV?$CSimpleArrayEqualHelper@K@ATL@@@ATL@@QAEXHABK@Z
814,?InternalSetAtIndex@?$CSimpleArray@UCModuleInfo@CTraceSnapshot@@V?$CSimpleArrayEqualHelper@UCModuleInfo@CTraceSnapshot@@@ATL@@@ATL@@QAEXHABUCModuleInfo@CTraceSnapshot@@@Z
815,?MarkValid@CAtlTraceSettings@@QAEXJ@Z
816,?MaxSize@CAtlTraceProcess@@QBEKXZ
817,?ModuleCount@CAtlTraceProcess@@QBEHXZ
818,?Open@CAtlAllocator@@QAE_NPB_W@Z
819,?Release@CAtlTraceSettings@@QAEXXZ
820,?ReleaseSnapshot@CAtlAllocator@@QAEXXZ
821,?RemoveAt@?$CSimpleArray@KV?$CSimpleArrayEqualHelper@K@ATL@@@ATL@@QAEHH@Z
822,?RemoveModule@CAtlAllocator@@QAE_NH@Z
823,?TakeSnapshot@CAtlAllocator@@QAEXXZ
824,?TryAddRef@CAtlTraceSettings@@QAE_NXZ
825,?TryAllocate@CAtlTraceSettings@@QAE_NXZ
826,?memmove_s@Checked@ATL@@YAXPAXIPBXI@Z
827,??0CAtlTraceCategory@@QAE@XZ
828,??0CAtlTraceModule@@QAE@XZ
829,??0CAtlTraceModuleInfo@@QAE@XZ
830,??0CAtlTraceProcess@@QAE@K@Z
831,??0CAtlTraceSettings@@QAE@XZ
832,?AtlStrLen@ATL@@YAHPB_W@Z
833,?CrtDbgReport@CAtlTraceModule@@QAEXP6AHHPBDH00ZZ@Z
834,?GetNextCookie@CAtlTraceProcess@@QAEJXZ
835,?Reset@CAtlTraceCategory@@QAEXPB_WJ@Z
836,?Reset@CAtlTraceModuleInfo@@QAEXPAUHINSTANCE__@@@Z
837,_CoUninitialize@0
838,_CoInitializeEx@8
839,_PropVariantClear@4
840,_CoCreateInstance@20
841,_SysFreeString@4
842,?AfxInitialize@@YGHHK@Z
843,_wWinMain@16
844,__errno
845,_calloc
846,__recalloc
847,_strcpy_s
848,_strcpy
849,_strlen
850,_wcscpy
851,_wcsncpy_s
852,__snwprintf_s
853,__vsnwprintf_s
854,__snprintf_s
855,__vsnprintf_s
856,__CrtDbgReport
857,_memmove_s
858,__wcsicmp
859,_wcslen
860,_MulDiv@12
861,_OutputDebugStringA@4
862,_OutputDebugStringW@4
863,_CloseHandle@4
864,_SetEvent@4
865,_OpenEventW@12
866,_GetCurrentProcessId@0
867,_InterlockedIncrement@4
868,_InterlockedDecrement@4
869,_GetCurrentThread@0
870,_GetSystemInfo@4
871,_VirtualAlloc@16
872,_CreateFileMappingW@24
873,_OpenFileMappingW@12
874,_MapViewOfFile@20
875,_UnmapViewOfFile@4
876,_SetRect@20
877,_SetRectEmpty@4
878,_CopyRect@8
879,_InflateRect@12
880,_IntersectRect@12
881,_UnionRect@12
882,_SubtractRect@12
883,_OffsetRect@12
884,_IsRectEmpty@4
885,_EqualRect@8
886,_PtInRect@12
887,_SetThreadToken@8
888,_OpenThreadToken@16
889,_RevertToSelf@0
890,?AfxAssertFailedLine@@YGHPBDH@Z
891,?AfxGetModuleState@@YGPAVAFX_MODULE_STATE@@XZ
892,?AfxWinMain@@YGHPAUHINSTANCE__@@0PA_WH@Z
893,__ehhandler$?InitInstance@CAmbientLightAwareApp@@UAEHXZ
894,__ehhandler$??0CAmbientLightAwareDlg@@QAE@PAVCWnd@@@Z
895,__ehhandler$?InitAmbientLightAware@CAmbientLightAwareDlg@@AAEJXZ
896,__ehhandler$?OnPaint@CAmbientLightAwareDlg@@IAEXXZ
897,__ehhandler$?UpdateLux@CAmbientLightAwareDlg@@QAEJMH@Z
898,__ehhandler$??1?$CAtlMap@U_GUID@@MV?$CElementTraits@U_GUID@@@ATL@@V?$CElementTraits@M@3@@ATL@@QAE@XZ
899,__ehhandler$??1CAmbientLightAwareSensorEvents@@UAE@XZ
900,__ehhandler$?GetSensorData@CAmbientLightAwareSensorEvents@@QAEJPAUISensor@@@Z
901,__ehhandler$?NewNode@?$CAtlMap@U_GUID@@MV?$CElementTraits@U_GUID@@@ATL@@V?$CElementTraits@M@3@@ATL@@AAEPAVCNode@12@ABU_GUID@@II@Z
902,__ehhandler$??0CAmbientLightAwareSensorManagerEvents@@QAE@PAVCAmbientLightAwareDlg@@@Z
903,__ehhandler$??1?$CAtlMap@U_GUID@@PAUISensor@@V?$CElementTraits@U_GUID@@@ATL@@V?$CElementTraits@PAUISensor@@@4@@ATL@@QAE@XZ
904,__ehhandler$??1CAmbientLightAwareSensorManagerEvents@@UAE@XZ
905,__ehhandler$?Initialize@CAmbientLightAwareSensorManagerEvents@@QAEJXZ
906,__ehhandler$?NewNode@?$CAtlMap@U_GUID@@PAUISensor@@V?$CElementTraits@U_GUID@@@ATL@@V?$CElementTraits@PAUISensor@@@4@@ATL@@AAEPAVCNode@12@ABU_GUID@@II@Z
907,_dynamic_initializer_for__theApp__
908,_dynamic_initializer_for__ATL::CTrace::s_trace__
909,_dynamic_initializer_for__g_Allocator__
910,_dynamic_initializer_for__g_bInitialized__
911,ATL::_dynamic_initializer_for__atlTraceAllocation__
912,ATL::_dynamic_initializer_for__atlTraceCOM__
913,ATL::_dynamic_initializer_for__atlTraceCache__
914,ATL::_dynamic_initializer_for__atlTraceControls__
915,ATL::_dynamic_initializer_for__atlTraceDBClient__
916,ATL::_dynamic_initializer_for__atlTraceDBProvider__
917,ATL::_dynamic_initializer_for__atlTraceException__
918,ATL::_dynamic_initializer_for__atlTraceGeneral__
919,ATL::_dynamic_initializer_for__atlTraceHosting__
920,ATL::_dynamic_initializer_for__atlTraceISAPI__
921,ATL::_dynamic_initializer_for__atlTraceMap__
922,ATL::_dynamic_initializer_for__atlTraceNotImpl__
923,ATL::_dynamic_initializer_for__atlTraceQI__
924,ATL::_dynamic_initializer_for__atlTraceRefcount__
925,ATL::_dynamic_initializer_for__atlTraceRegistrar__
926,ATL::_dynamic_initializer_for__atlTraceSecurity__
927,ATL::_dynamic_initializer_for__atlTraceSnapin__
928,ATL::_dynamic_initializer_for__atlTraceStencil__
929,ATL::_dynamic_initializer_for__atlTraceString__
930,ATL::_dynamic_initializer_for__atlTraceSync__
931,ATL::_dynamic_initializer_for__atlTraceTime__
932,ATL::_dynamic_initializer_for__atlTraceUser2__
933,ATL::_dynamic_initializer_for__atlTraceUser3__
934,ATL::_dynamic_initializer_for__atlTraceUser4__
935,ATL::_dynamic_initializer_for__atlTraceUser__
936,ATL::_dynamic_initializer_for__atlTraceUtil__
937,ATL::_dynamic_initializer_for__atlTraceWindowing__
938,_dynamic_initializer_for___afxInitAppState__
939,_dynamic_atexit_destructor_for__theApp__
940,_dynamic_atexit_destructor_for__ATL::CTrace::s_trace__
941,_dynamic_atexit_destructor_for__g_Allocator__
