0,j_?Release@CDeviceFinderCallback@@UAGKXZ
1,j_?OnSubscribe@CGenericUCPDlg@@IAEXXZ
2,j_??0?$CTraceCategoryEx@$0BAA@$0A@@ATL@@QAE@PB_W@Z
3,j_?OnOk@CSCPDDisplay@@IAEXXZ
4,j_?_InterlockedIncrement@@YAKPCK@Z
5,j_??0?$CTraceCategoryEx@$0CA@$0A@@ATL@@QAE@PB_W@Z
6,j_??0_ATL_COM_MODULE70@ATL@@QAE@XZ
7,j_??0?$CTraceCategoryEx@$0EAA@$0A@@ATL@@QAE@PB_W@Z
8,j_?fFileExists@CGenericUCPDlg@@AAEHPA_W@Z
9,j_?GetMessageMap@CSCPDDisplay@@MBEPBUAFX_MSGMAP@@XZ
10,j_?AddDevice@CGenericUCPDlg@@QAEXPAUIUPnPDevice@@@Z
11,j_??_GCDeviceFinderCallback@@QAEPAXI@Z
12,j_??0CGenericUCPDlg@@QAE@PAVCWnd@@@Z
13,j_??$AtlMultiply@K@ATL@@YAJPAKKK@Z
14,j_?iNumberOfInArguments@CGenericUCPDlg@@AAEHPA_W@Z
15,j_?OnFindbyUDN@CGenericUCPDlg@@IAEXXZ
16,j_?OnFindByType@CGenericUCPDlg@@IAEXXZ
17,j_?StaticInitialize@CAtlStringMgr@ATL@@CA_NXZ
18,j_?OnSelEndOkComboDevice@CGenericUCPDlg@@IAEXXZ
19,j_?OnInitDialog@CDeviceProp@@MAEHXZ
20,j_??0?$CTraceCategoryEx@$01$0A@@ATL@@QAE@PB_W@Z
21,j_?OnInitDialog@CGenericUCPDlg@@MAEHXZ
22,j_?AddRef@CUPnPAsyncResult@@UAGKXZ
23,j_??0IUPnPServiceCallback@@QAE@XZ
24,j_?DeviceRemoved@CDeviceFinderCallback@@UAGJJPA_W@Z
25,j_??1CServiceCallback@@QAE@XZ
26,j_?GetCategoryName@CTrace@ATL@@CAPA_WI@Z
27,j_??0?$CTraceCategoryEx@$0IAAAA@$0A@@ATL@@QAE@PB_W@Z
28,j_?Free@CWin32Heap@ATL@@UAEXPAX@Z
29,j_??_ECSCPDDisplay@@UAEPAXI@Z
30,j_?OnSysCommand@CGenericUCPDlg@@IAEXIJ@Z
31,j_?StateVariableChanged@CServiceCallback@@UAGJPAUIUPnPService@@PB_WUtagVARIANT@@@Z
32,j_?OnAppAbout@CGenericUCPDlg@@IAEXXZ
33,j_?SupportsApplicationRecovery@CWinApp@@UBEHXZ
34,j_?HrDestroyArgVariants@@YAJKPAPAPAUtagVARIANT@@@Z
35,j_?ServiceInstanceDied@CServiceCallback@@UAGJPAUIUPnPService@@@Z
36,j_??RCTraceFileAndLineInfo@ATL@@QBAXPB_WZZ
37,j_??__FstrMgr@?1??GetInstance@CAtlStringMgr@ATL@@SAPAUIAtlStringMgr@2@XZ@YAXXZ
38,j_?OnDiscoveryClicked@CGenericUCPDlg@@IAEXXZ
39,j_?Clone@CAtlStringMgr@ATL@@UAEPAUIAtlStringMgr@2@XZ
40,j_?DoDataExchange@CSCPDDisplay@@MAEXPAVCDataExchange@@@Z
41,j_??0?$CTraceCategoryEx@$0EAAAAA@$0A@@ATL@@QAE@PB_W@Z
42,j_?ReleaseObj@@YAXPAUIUnknown@@@Z
43,j_?OnInvokeAsyncAction@CGenericUCPDlg@@AAEXPA_WHUtagVARIANT@@@Z
44,j_??_ECAboutDlg@@UAEPAXI@Z
45,j_??1CUPnPAsyncResult@@QAE@XZ
46,j_??_ECWin32Heap@ATL@@UAEPAXI@Z
47,j_?SearchComplete@CDeviceFinderCallback@@UAGJJ@Z
48,j_??0?$CTraceCategoryEx@$0BA@$0A@@ATL@@QAE@PB_W@Z
49,j_??B?$CTraceCategoryEx@$00$0A@@ATL@@QAEIXZ
50,j_?_AtlRaiseException@ATL@@YAXKK@Z
51,j_?Allocate@CWin32Heap@ATL@@UAEPAXI@Z
52,j_??1CAtlComModule@ATL@@QAE@XZ
53,j_??$AtlAdd@I@ATL@@YAJPAIII@Z
54,j_??0CAboutDlg@@QAE@XZ
55,j_?SetDialogPointer@CServiceCallback@@QAEXPAVCGenericUCPDlg@@@Z
56,j_?ProcessFindByType@CGenericUCPDlg@@AAEXPA_W@Z
57,j_??1_ATL_COM_MODULE70@ATL@@QAE@XZ
58,j_??0?$CTraceCategoryEx@$0BAAAA@$0A@@ATL@@QAE@PB_W@Z
59,j_?GetThisMessageMap@CAboutDlg@@KGPBUAFX_MSGMAP@@XZ
60,j_?Free@CCRTAllocator@ATL@@SAXPAX@Z
61,j_??1_ATL_WIN_MODULE70@ATL@@QAE@XZ
62,j_??1CGenericUCPDlg@@UAE@XZ
63,j_??_GCDeviceProp@@UAEPAXI@Z
64,j_??0?$CSimpleArray@GV?$CSimpleArrayEqualHelper@G@ATL@@@ATL@@QAE@XZ
65,j_?OnAsyncFind@CGenericUCPDlg@@IAEXXZ
66,j_?OnInvokeSyncAction@CGenericUCPDlg@@AAEXPA_WHUtagVARIANT@@@Z
67,j_?Width@CRect@@QBEHXZ
68,j_?_AtlInitializeCriticalSectionEx@ATL@@YAHPAU_RTL_CRITICAL_SECTION@@KK@Z
69,j_??_GCAtlStringMgr@ATL@@UAEPAXI@Z
70,j_??1CWin32Heap@ATL@@UAE@XZ
71,j_??1?$CSimpleArray@GV?$CSimpleArrayEqualHelper@G@ATL@@@ATL@@QAE@XZ
72,j_?GetThisMessageMap@CGenericUCPApp@@KGPBUAFX_MSGMAP@@XZ
73,j_?VariantSetArray@@YAXPAUtagSAFEARRAY@@AAUtagVARIANT@@@Z
74,j_?ClearDeviceCombo@CGenericUCPDlg@@AAEXXZ
75,j_?Reallocate@CWin32Heap@ATL@@UAEPAXPAXI@Z
76,j_?OnPaint@CGenericUCPDlg@@IAEXXZ
77,j_??1CAtlStringMgr@ATL@@UAE@XZ
78,j_??0_ATL_WIN_MODULE70@ATL@@QAE@XZ
79,j_?SupportsRestartManager@CWinApp@@UBEHXZ
80,j_?DeviceAdded@CDeviceFinderCallback@@UAGJJPAUIUPnPDevice@@@Z
81,j_??0CUPnPAsyncResult@@QAE@XZ
82,j_?Init@CUPnPAsyncResult@@QAGJXZ
83,j_??_GCServiceCallback@@QAEPAXI@Z
84,j_??0?$CTraceCategoryEx@$03$0A@@ATL@@QAE@PB_W@Z
85,j_?AddRef@CStringData@ATL@@QAEXXZ
86,j_?GetApplicationRecoveryParameter@CWinApp@@UAEPAXXZ
87,j_?QueryInterface@CUPnPAsyncResult@@UAGJABU_GUID@@PAPAX@Z
88,j_?GetSize@CWin32Heap@ATL@@UAEIPAX@Z
89,j_??1?$CHeapPtr@_WVCCRTAllocator@ATL@@@ATL@@QAE@XZ
90,j_?OnSelEndOkComboService@CGenericUCPDlg@@IAEXXZ
91,j_??0IUPnPDeviceFinderCallback@@QAE@XZ
92,j_?QueryInterface@CServiceCallback@@UAGJABU_GUID@@PAPAX@Z
93,j_?GetMessageMap@CAboutDlg@@MBEPBUAFX_MSGMAP@@XZ
94,j_?RegisterCategory@CTrace@ATL@@SAXPB_WI@Z
95,j_?HrCreateSafeArray@@YAJGHPAPAUtagSAFEARRAY@@@Z
96,j_?GetApplicationRecoveryPingInterval@CWinApp@@UAEKXZ
97,j_??0CComCriticalSection@ATL@@QAE@XZ
98,j_?QueryInterface@CDeviceFinderCallback@@UAGJABU_GUID@@PAPAX@Z
99,j_??1CDeviceProp@@UAE@XZ
100,j_??__FstrHeap@?1??GetInstance@CAtlStringMgr@ATL@@SAPAUIAtlStringMgr@2@XZ@YAXXZ
101,j_?Term@CAtlComModule@ATL@@QAEXXZ
102,j_?OnCloseClick@CGenericUCPDlg@@IAEXXZ
103,j_?SafeStrCopy@@YAXPA_WPB_WI@Z
104,j_?RestoreAutosavedFilesAtRestart@CWinApp@@UBEHXZ
105,j_?InitInstance@CGenericUCPApp@@UAEHXZ
106,j_?ExitInstance@CGenericUCPApp@@UAEHXZ
107,j_??1CSCPDDisplay@@UAE@XZ
108,j_?AddRef@CServiceCallback@@UAGKXZ
109,j_?Release@CServiceCallback@@UAGKXZ
110,j_??0?$CHeapPtrBase@_WVCCRTAllocator@ATL@@@ATL@@IAE@XZ
111,j_??1?$CHeapPtrBase@_WVCCRTAllocator@ATL@@@ATL@@QAE@XZ
112,j_?_InterlockedDecrement@@YAKPCK@Z
113,j_?Free@CAtlStringMgr@ATL@@UAEXPAUCStringData@2@@Z
114,j_?GetMessageMap@CDeviceProp@@MBEPBUAFX_MSGMAP@@XZ
115,j_?HrCreateArgVariants@@YAJKPAPAPAUtagVARIANT@@@Z
116,j_?OnQueryVariableAsync@CGenericUCPDlg@@AAEXPA_WH@Z
117,j_?AddRef@CDeviceFinderCallback@@UAGKXZ
118,j_??0CAtlComModule@ATL@@QAE@XZ
119,j_?OnQueryVariable@CGenericUCPDlg@@IAEXXZ
120,j_?GetThisMessageMap@CSCPDDisplay@@KGPBUAFX_MSGMAP@@XZ
121,j_?GetNilString@CAtlStringMgr@ATL@@UAEPAUCStringData@2@XZ
122,j_??0?$CTraceCategoryEx@$0CAAAAA@$0A@@ATL@@QAE@PB_W@Z
123,j_?GetHandle@CUPnPAsyncResult@@QAEPAXXZ
124,j_??0?$CTraceCategoryEx@$07$0A@@ATL@@QAE@PB_W@Z
125,j_??0?$CTraceCategoryEx@$0BAAA@$0A@@ATL@@QAE@PB_W@Z
126,j_??0CAtlStringMgr@ATL@@QAE@PAUIAtlMemMgr@1@@Z
127,j_?OnQueryVariableSync@CGenericUCPDlg@@AAEXPA_WH@Z
128,j_??1CAboutDlg@@UAE@XZ
129,j_?GetModuleInstance@CAtlBaseModule@ATL@@QAEPAUHINSTANCE__@@XZ
130,j_??_ECGenericUCPDlg@@UAEPAXI@Z
131,j_??_GCUPnPAsyncResult@@QAEPAXI@Z
132,j_?_AfxInitManaged@@YAHXZ
133,j_?Create@CDeviceFinderCallback@@SAPAV1@XZ
134,j_?OnInvokeAction@CGenericUCPDlg@@IAEXXZ
135,j_?TraceV@CTrace@ATL@@SAXPBDHIIPB_WPAD@Z
136,j_?Init@CComCriticalSection@ATL@@QAEJXZ
137,j_?Allocate@?$CHeapPtr@_WVCCRTAllocator@ATL@@@ATL@@QAE_NI@Z
138,j_??0CAtlWinModule@ATL@@QAE@XZ
139,j_?Release@CUPnPAsyncResult@@UAGKXZ
140,j_?SetDialogPointer@CDeviceFinderCallback@@QAEXPAVCGenericUCPDlg@@@Z
141,j_?OnInitDialog@CSCPDDisplay@@MAEHXZ
142,j_?InitializeDevTypeArray@CGenericUCPDlg@@AAEXXZ
143,j_?HrGetVariantElement@@YAJPAUtagSAFEARRAY@@HPAUtagVARIANT@@@Z
144,j_?GetSize@?$CSimpleArray@GV?$CSimpleArrayEqualHelper@G@ATL@@@ATL@@QBEHXZ
145,j_??1CAtlWinModule@ATL@@QAE@XZ
146,j_??_ECWin32Heap@ATL@@UAEPAXI@Z_0
147,j_??_ECGenericUCPDlg@@UAEPAXI@Z_0
148,j_?PrintTextToEditBox@CDeviceProp@@AAEXPAVCEdit@@PA_WJ@Z
149,j_?Create@CServiceCallback@@SAPAV1@XZ
150,j_?OnCheckBoxClick@CGenericUCPDlg@@IAEXXZ
151,j_??A?$CSimpleArray@GV?$CSimpleArrayEqualHelper@G@ATL@@@ATL@@QAEAAGH@Z
152,j_?GetThisMessageMap@CDeviceProp@@KGPBUAFX_MSGMAP@@XZ
153,j_?Reallocate@CAtlStringMgr@ATL@@UAEPAUCStringData@2@PAU32@HH@Z
154,j_??0IUPnPAsyncResult@@QAE@XZ
155,j_?DoDataExchange@CDeviceProp@@MAEXPAVCDataExchange@@@Z
156,j____
157,j_??0CSCPDDisplay@@QAE@PA_WPAVCWnd@@@Z
158,j_??0?$CTraceCategoryEx@$0CAA@$0A@@ATL@@QAE@PB_W@Z
159,j_?HrGetSafeArrayBounds@@YAJPAUtagSAFEARRAY@@PAJ1@Z
160,j_?OnViewSCPD@CGenericUCPDlg@@IAEXXZ
161,j_?Term@CComCriticalSection@ATL@@QAEJXZ
162,j_??0?$CTraceCategoryEx@$0IAA@$0A@@ATL@@QAE@PB_W@Z
163,j_??0CServiceCallback@@QAE@XZ
164,j_??1CGenericUCPApp@@UAE@XZ
165,j_?ClearAllDataStructures@CGenericUCPDlg@@AAEXH@Z
166,j_?DoDataExchange@CAboutDlg@@MAEXPAVCDataExchange@@@Z
167,j_?PreTranslateMessage@CGenericUCPDlg@@MAEHPAUtagMSG@@@Z
168,j_?Allocate@CCRTAllocator@ATL@@SAPAXI@Z
169,j_??0CDeviceFinderCallback@@QAE@XZ
170,j_?GetMessageMap@CGenericUCPApp@@MBEPBUAFX_MSGMAP@@XZ
171,j_?ProcessAsyncFind@CGenericUCPDlg@@AAEXPA_W@Z
172,j_??_ECSCPDDisplay@@UAEPAXI@Z_0
173,j_?OnClose@CGenericUCPDlg@@IAEXXZ
174,j_?TraceV@CTrace@ATL@@CAXPBDHIIPB_W@Z
175,j_??0CGenericUCPApp@@QAE@XZ
176,j_??B?$CTraceCategoryEx@$0CA@$0A@@ATL@@QAEIXZ
177,j_??0?$CHeapPtr@_WVCCRTAllocator@ATL@@@ATL@@QAE@XZ
178,j_??0?$CTraceCategoryEx@$0EAAAA@$0A@@ATL@@QAE@PB_W@Z
179,j_?GetInstance@CAtlStringMgr@ATL@@SAPAUIAtlStringMgr@2@XZ
180,j_?OnOk@CDeviceProp@@IAEXXZ
181,j_?GetThisMessageMap@CGenericUCPDlg@@KGPBUAFX_MSGMAP@@XZ
182,j_??B?$CHeapPtrBase@_WVCCRTAllocator@ATL@@@ATL@@QBEPA_WXZ
183,j_??0CDeviceProp@@QAE@PAUIUPnPDevice@@PAVCWnd@@@Z
184,j__IsEqualGUID
185,j_?RemoveAll@?$CSimpleArray@GV?$CSimpleArrayEqualHelper@G@ATL@@@ATL@@QAEXXZ
186,j_?ReopenPreviousFilesAtRestart@CWinApp@@UBEHXZ
187,j_?SetManager@CNilStringData@ATL@@QAEXPAUIAtlStringMgr@2@@Z
188,j_??0?$CTraceCategoryEx@$0IAAA@$0A@@ATL@@QAE@PB_W@Z
189,j_??0?$CTraceCategoryEx@$00$0A@@ATL@@QAE@PB_W@Z
190,j_?Term@CAtlWinModule@ATL@@QAEXXZ
191,j_?StopAsyncFindIfStarted@CGenericUCPDlg@@AAEXXZ
192,j_?SupportsAutosaveAtInterval@CWinApp@@UBEHXZ
193,j_??_ECAboutDlg@@UAEPAXI@Z_0
194,j_??_GCGenericUCPApp@@UAEPAXI@Z
195,j_??$AtlMultiply@I@ATL@@YAJPAIII@Z
196,j_??1CComCriticalSection@ATL@@QAE@XZ
197,j_?Allocate@CAtlStringMgr@ATL@@UAEPAUCStringData@2@HH@Z
198,j_?SupportsAutosaveAtRestart@CWinApp@@UBEHXZ
199,j_??0CTraceFileAndLineInfo@ATL@@QAE@PBDH@Z
200,j_??B?$CTraceCategoryEx@$01$0A@@ATL@@QAEIXZ
201,j_??0?$CTraceCategoryEx@$0IA@$0A@@ATL@@QAE@PB_W@Z
202,j_?AsyncOperationComplete@CUPnPAsyncResult@@UAGJ_K@Z
203,j_??0CRect@@QAE@XZ
204,j_?OnQueryDragIcon@CGenericUCPDlg@@IAEPAUHICON__@@XZ
205,j_??0IUnknown@@QAE@XZ
206,j_??_GCGenericUCPApp@@UAEPAXI@Z_0
207,j_??_GCAtlStringMgr@ATL@@UAEPAXI@Z_0
208,j_??0CWin32Heap@ATL@@QAE@PAX@Z
209,j__HRESULT_FROM_WIN32
210,j_?AllocateBytes@?$CHeapPtrBase@_WVCCRTAllocator@ATL@@@ATL@@QAE_NI@Z
211,j_??0?$CTraceCategoryEx@$0BAAAAA@$0A@@ATL@@QAE@PB_W@Z
212,j_??$AtlAdd@K@ATL@@YAJPAKKK@Z
213,j_??0?$CTraceCategoryEx@$0CAAAA@$0A@@ATL@@QAE@PB_W@Z
214,j_?Height@CRect@@QBEHXZ
215,j_?GetApplicationRestartFlags@CWinApp@@UAEKXZ
216,j_??RCTraceFileAndLineInfo@ATL@@QBAXHIPB_WZZ
217,j_??$AtlAlignUp@H@ATL@@YGHHK@Z
218,j_?AtlWinModuleInit@ATL@@YGJPAU_ATL_WIN_MODULE70@1@@Z
219,j_?ProcessFindByUDN@CGenericUCPDlg@@AAEXPA_W@Z
220,j_?VariantSetVar@@YAXPAUtagVARIANT@@AAU1@@Z
221,j_??_GCDeviceProp@@UAEPAXI@Z_0
222,j_?RemoveDevice@CGenericUCPDlg@@QAEXPA_W@Z
223,j_?OnDevpropClick@CGenericUCPDlg@@IAEXXZ
224,j_?DoDataExchange@CGenericUCPDlg@@MAEXPAVCDataExchange@@@Z
225,j_??0?$CTraceCategoryEx@$0EA@$0A@@ATL@@QAE@PB_W@Z
226,j_?PrintErrorText@@YAXJ@Z
227,j_??1CDeviceFinderCallback@@QAE@XZ
228,j_??0CNilStringData@ATL@@QAE@XZ
229,j_??0?$CTraceCategoryEx@$0EAAA@$0A@@ATL@@QAE@PB_W@Z
230,j_?InitializeUDNList@CGenericUCPDlg@@AAEXXZ
231,j_?AtlWinModuleTerm@ATL@@YGJPAU_ATL_WIN_MODULE70@1@PAUHINSTANCE__@@@Z
232,j_??$AtlAdd@H@ATL@@YAJPAHHH@Z
233,j_?GetMessageMap@CGenericUCPDlg@@MBEPBUAFX_MSGMAP@@XZ
234,j_?Free@?$CHeapPtrBase@_WVCCRTAllocator@ATL@@@ATL@@QAEXXZ
235,j_?ClearServiceCombo@CGenericUCPDlg@@AAEXXZ
236,j_??0?$CTraceCategoryEx@$0CAAA@$0A@@ATL@@QAE@PB_W@Z
237,_dynamic_initializer_for__ATL::CAtlStringMgr::isInitialized__
238,ATL::_dynamic_initializer_for___AtlComModule__
239,ATL::_dynamic_initializer_for___AtlWinModule__
240,ATL::_dynamic_initializer_for__atlTraceAllocation__
241,ATL::_dynamic_initializer_for__atlTraceCOM__
242,ATL::_dynamic_initializer_for__atlTraceCache__
243,ATL::_dynamic_initializer_for__atlTraceControls__
244,ATL::_dynamic_initializer_for__atlTraceDBClient__
245,ATL::_dynamic_initializer_for__atlTraceDBProvider__
246,ATL::_dynamic_initializer_for__atlTraceException__
247,ATL::_dynamic_initializer_for__atlTraceGeneral__
248,ATL::_dynamic_initializer_for__atlTraceHosting__
249,ATL::_dynamic_initializer_for__atlTraceISAPI__
250,ATL::_dynamic_initializer_for__atlTraceMap__
251,ATL::_dynamic_initializer_for__atlTraceNotImpl__
252,ATL::_dynamic_initializer_for__atlTraceQI__
253,ATL::_dynamic_initializer_for__atlTraceRefcount__
254,ATL::_dynamic_initializer_for__atlTraceRegistrar__
255,ATL::_dynamic_initializer_for__atlTraceSecurity__
256,ATL::_dynamic_initializer_for__atlTraceSnapin__
257,ATL::_dynamic_initializer_for__atlTraceStencil__
258,ATL::_dynamic_initializer_for__atlTraceString__
259,ATL::_dynamic_initializer_for__atlTraceSync__
260,ATL::_dynamic_initializer_for__atlTraceTime__
261,ATL::_dynamic_initializer_for__atlTraceUtil__
262,ATL::_dynamic_initializer_for__atlTraceWindowing__
263,_dynamic_initializer_for__ATL::CAtlStringMgr::isInitialized___0
264,ATL::_dynamic_initializer_for___AtlComModule___0
265,ATL::_dynamic_initializer_for___AtlWinModule___0
266,ATL::_dynamic_initializer_for__atlTraceAllocation___0
267,ATL::_dynamic_initializer_for__atlTraceCOM___0
268,ATL::_dynamic_initializer_for__atlTraceCache___0
269,ATL::_dynamic_initializer_for__atlTraceControls___0
270,ATL::_dynamic_initializer_for__atlTraceDBClient___0
271,ATL::_dynamic_initializer_for__atlTraceDBProvider___0
272,ATL::_dynamic_initializer_for__atlTraceException___0
273,ATL::_dynamic_initializer_for__atlTraceGeneral___0
274,ATL::_dynamic_initializer_for__atlTraceHosting___0
275,ATL::_dynamic_initializer_for__atlTraceISAPI___0
276,ATL::_dynamic_initializer_for__atlTraceMap___0
277,ATL::_dynamic_initializer_for__atlTraceNotImpl___0
278,ATL::_dynamic_initializer_for__atlTraceQI___0
279,ATL::_dynamic_initializer_for__atlTraceRefcount___0
280,ATL::_dynamic_initializer_for__atlTraceRegistrar___0
281,ATL::_dynamic_initializer_for__atlTraceSecurity___0
282,ATL::_dynamic_initializer_for__atlTraceSnapin___0
283,ATL::_dynamic_initializer_for__atlTraceStencil___0
284,ATL::_dynamic_initializer_for__atlTraceString___0
285,ATL::_dynamic_initializer_for__atlTraceSync___0
286,ATL::_dynamic_initializer_for__atlTraceTime___0
287,ATL::_dynamic_initializer_for__atlTraceUtil___0
288,ATL::_dynamic_initializer_for__atlTraceWindowing___0
289,_dynamic_initializer_for__theApp__
290,_dynamic_initializer_for__ATL::CAtlStringMgr::isInitialized___1
291,ATL::_dynamic_initializer_for___AtlComModule___1
292,ATL::_dynamic_initializer_for___AtlWinModule___1
293,ATL::_dynamic_initializer_for__atlTraceAllocation___1
294,ATL::_dynamic_initializer_for__atlTraceCOM___1
295,ATL::_dynamic_initializer_for__atlTraceCache___1
296,ATL::_dynamic_initializer_for__atlTraceControls___1
297,ATL::_dynamic_initializer_for__atlTraceDBClient___1
298,ATL::_dynamic_initializer_for__atlTraceDBProvider___1
299,ATL::_dynamic_initializer_for__atlTraceException___1
300,ATL::_dynamic_initializer_for__atlTraceGeneral___1
301,ATL::_dynamic_initializer_for__atlTraceHosting___1
302,ATL::_dynamic_initializer_for__atlTraceISAPI___1
303,ATL::_dynamic_initializer_for__atlTraceMap___1
304,ATL::_dynamic_initializer_for__atlTraceNotImpl___1
305,ATL::_dynamic_initializer_for__atlTraceQI___1
306,ATL::_dynamic_initializer_for__atlTraceRefcount___1
307,ATL::_dynamic_initializer_for__atlTraceRegistrar___1
308,ATL::_dynamic_initializer_for__atlTraceSecurity___1
309,ATL::_dynamic_initializer_for__atlTraceSnapin___1
310,ATL::_dynamic_initializer_for__atlTraceStencil___1
311,ATL::_dynamic_initializer_for__atlTraceString___1
312,ATL::_dynamic_initializer_for__atlTraceSync___1
313,ATL::_dynamic_initializer_for__atlTraceTime___1
314,ATL::_dynamic_initializer_for__atlTraceUtil___1
315,ATL::_dynamic_initializer_for__atlTraceWindowing___1
316,_dynamic_initializer_for__ATL::CAtlStringMgr::isInitialized___2
317,ATL::_dynamic_initializer_for___AtlComModule___2
318,ATL::_dynamic_initializer_for___AtlWinModule___2
319,ATL::_dynamic_initializer_for__atlTraceAllocation___2
320,ATL::_dynamic_initializer_for__atlTraceCOM___2
321,ATL::_dynamic_initializer_for__atlTraceCache___2
322,ATL::_dynamic_initializer_for__atlTraceControls___2
323,ATL::_dynamic_initializer_for__atlTraceDBClient___2
324,ATL::_dynamic_initializer_for__atlTraceDBProvider___2
325,ATL::_dynamic_initializer_for__atlTraceException___2
326,ATL::_dynamic_initializer_for__atlTraceGeneral___2
327,ATL::_dynamic_initializer_for__atlTraceHosting___2
328,ATL::_dynamic_initializer_for__atlTraceISAPI___2
329,ATL::_dynamic_initializer_for__atlTraceMap___2
330,ATL::_dynamic_initializer_for__atlTraceNotImpl___2
331,ATL::_dynamic_initializer_for__atlTraceQI___2
332,ATL::_dynamic_initializer_for__atlTraceRefcount___2
333,ATL::_dynamic_initializer_for__atlTraceRegistrar___2
334,ATL::_dynamic_initializer_for__atlTraceSecurity___2
335,ATL::_dynamic_initializer_for__atlTraceSnapin___2
336,ATL::_dynamic_initializer_for__atlTraceStencil___2
337,ATL::_dynamic_initializer_for__atlTraceString___2
338,ATL::_dynamic_initializer_for__atlTraceSync___2
339,ATL::_dynamic_initializer_for__atlTraceTime___2
340,ATL::_dynamic_initializer_for__atlTraceUtil___2
341,ATL::_dynamic_initializer_for__atlTraceWindowing___2
342,_dynamic_initializer_for__ATL::CAtlStringMgr::isInitialized___3
343,ATL::_dynamic_initializer_for___AtlComModule___3
344,ATL::_dynamic_initializer_for___AtlWinModule___3
345,ATL::_dynamic_initializer_for__atlTraceAllocation___3
346,ATL::_dynamic_initializer_for__atlTraceCOM___3
347,ATL::_dynamic_initializer_for__atlTraceCache___3
348,ATL::_dynamic_initializer_for__atlTraceControls___3
349,ATL::_dynamic_initializer_for__atlTraceDBClient___3
350,ATL::_dynamic_initializer_for__atlTraceDBProvider___3
351,ATL::_dynamic_initializer_for__atlTraceException___3
352,ATL::_dynamic_initializer_for__atlTraceGeneral___3
353,ATL::_dynamic_initializer_for__atlTraceHosting___3
354,ATL::_dynamic_initializer_for__atlTraceISAPI___3
355,ATL::_dynamic_initializer_for__atlTraceMap___3
356,ATL::_dynamic_initializer_for__atlTraceNotImpl___3
357,ATL::_dynamic_initializer_for__atlTraceQI___3
358,ATL::_dynamic_initializer_for__atlTraceRefcount___3
359,ATL::_dynamic_initializer_for__atlTraceRegistrar___3
360,ATL::_dynamic_initializer_for__atlTraceSecurity___3
361,ATL::_dynamic_initializer_for__atlTraceSnapin___3
362,ATL::_dynamic_initializer_for__atlTraceStencil___3
363,ATL::_dynamic_initializer_for__atlTraceString___3
364,ATL::_dynamic_initializer_for__atlTraceSync___3
365,ATL::_dynamic_initializer_for__atlTraceTime___3
366,ATL::_dynamic_initializer_for__atlTraceUtil___3
367,ATL::_dynamic_initializer_for__atlTraceWindowing___3
368,_dynamic_initializer_for__ATL::CAtlStringMgr::isInitialized___4
369,ATL::_dynamic_initializer_for___AtlComModule___4
370,ATL::_dynamic_initializer_for___AtlWinModule___4
371,ATL::_dynamic_initializer_for__atlTraceAllocation___4
372,ATL::_dynamic_initializer_for__atlTraceCOM___4
373,ATL::_dynamic_initializer_for__atlTraceCache___4
374,ATL::_dynamic_initializer_for__atlTraceControls___4
375,ATL::_dynamic_initializer_for__atlTraceDBClient___4
376,ATL::_dynamic_initializer_for__atlTraceDBProvider___4
377,ATL::_dynamic_initializer_for__atlTraceException___4
378,ATL::_dynamic_initializer_for__atlTraceGeneral___4
379,ATL::_dynamic_initializer_for__atlTraceHosting___4
380,ATL::_dynamic_initializer_for__atlTraceISAPI___4
381,ATL::_dynamic_initializer_for__atlTraceMap___4
382,ATL::_dynamic_initializer_for__atlTraceNotImpl___4
383,ATL::_dynamic_initializer_for__atlTraceQI___4
384,ATL::_dynamic_initializer_for__atlTraceRefcount___4
385,ATL::_dynamic_initializer_for__atlTraceRegistrar___4
386,ATL::_dynamic_initializer_for__atlTraceSecurity___4
387,ATL::_dynamic_initializer_for__atlTraceSnapin___4
388,ATL::_dynamic_initializer_for__atlTraceStencil___4
389,ATL::_dynamic_initializer_for__atlTraceString___4
390,ATL::_dynamic_initializer_for__atlTraceSync___4
391,ATL::_dynamic_initializer_for__atlTraceTime___4
392,ATL::_dynamic_initializer_for__atlTraceUtil___4
393,ATL::_dynamic_initializer_for__atlTraceWindowing___4
394,_dynamic_initializer_for__ATL::CAtlStringMgr::isInitialized___5
395,ATL::_dynamic_initializer_for___AtlComModule___5
396,ATL::_dynamic_initializer_for___AtlWinModule___5
397,ATL::_dynamic_initializer_for__atlTraceAllocation___5
398,ATL::_dynamic_initializer_for__atlTraceCOM___5
399,ATL::_dynamic_initializer_for__atlTraceCache___5
400,ATL::_dynamic_initializer_for__atlTraceControls___5
401,ATL::_dynamic_initializer_for__atlTraceDBClient___5
402,ATL::_dynamic_initializer_for__atlTraceDBProvider___5
403,ATL::_dynamic_initializer_for__atlTraceException___5
404,ATL::_dynamic_initializer_for__atlTraceGeneral___5
405,ATL::_dynamic_initializer_for__atlTraceHosting___5
406,ATL::_dynamic_initializer_for__atlTraceISAPI___5
407,ATL::_dynamic_initializer_for__atlTraceMap___5
408,ATL::_dynamic_initializer_for__atlTraceNotImpl___5
409,ATL::_dynamic_initializer_for__atlTraceQI___5
410,ATL::_dynamic_initializer_for__atlTraceRefcount___5
411,ATL::_dynamic_initializer_for__atlTraceRegistrar___5
412,ATL::_dynamic_initializer_for__atlTraceSecurity___5
413,ATL::_dynamic_initializer_for__atlTraceSnapin___5
414,ATL::_dynamic_initializer_for__atlTraceStencil___5
415,ATL::_dynamic_initializer_for__atlTraceString___5
416,ATL::_dynamic_initializer_for__atlTraceSync___5
417,ATL::_dynamic_initializer_for__atlTraceTime___5
418,ATL::_dynamic_initializer_for__atlTraceUtil___5
419,ATL::_dynamic_initializer_for__atlTraceWindowing___5
420,_dynamic_initializer_for__ATL::CAtlStringMgr::isInitialized___6
421,ATL::_dynamic_initializer_for___AtlComModule___6
422,ATL::_dynamic_initializer_for___AtlWinModule___6
423,ATL::_dynamic_initializer_for__atlTraceAllocation___6
424,ATL::_dynamic_initializer_for__atlTraceCOM___6
425,ATL::_dynamic_initializer_for__atlTraceCache___6
426,ATL::_dynamic_initializer_for__atlTraceControls___6
427,ATL::_dynamic_initializer_for__atlTraceDBClient___6
428,ATL::_dynamic_initializer_for__atlTraceDBProvider___6
429,ATL::_dynamic_initializer_for__atlTraceException___6
430,ATL::_dynamic_initializer_for__atlTraceGeneral___6
431,ATL::_dynamic_initializer_for__atlTraceHosting___6
432,ATL::_dynamic_initializer_for__atlTraceISAPI___6
433,ATL::_dynamic_initializer_for__atlTraceMap___6
434,ATL::_dynamic_initializer_for__atlTraceNotImpl___6
435,ATL::_dynamic_initializer_for__atlTraceQI___6
436,ATL::_dynamic_initializer_for__atlTraceRefcount___6
437,ATL::_dynamic_initializer_for__atlTraceRegistrar___6
438,ATL::_dynamic_initializer_for__atlTraceSecurity___6
439,ATL::_dynamic_initializer_for__atlTraceSnapin___6
440,ATL::_dynamic_initializer_for__atlTraceStencil___6
441,ATL::_dynamic_initializer_for__atlTraceString___6
442,ATL::_dynamic_initializer_for__atlTraceSync___6
443,ATL::_dynamic_initializer_for__atlTraceTime___6
444,ATL::_dynamic_initializer_for__atlTraceUtil___6
445,ATL::_dynamic_initializer_for__atlTraceWindowing___6
446,ATL::_dynamic_initializer_for___AtlBaseModule__
447,_dynamic_initializer_for__ATL::CAtlStringMgr::isInitialized___7
448,ATL::_dynamic_initializer_for___AtlComModule___7
449,ATL::_dynamic_initializer_for___AtlWinModule___7
450,_dynamic_initializer_for___afxInitAppState__
451,ATL::_dynamic_initializer_for__atlTraceAllocation___7
452,ATL::_dynamic_initializer_for__atlTraceCOM___7
453,ATL::_dynamic_initializer_for__atlTraceCache___7
454,ATL::_dynamic_initializer_for__atlTraceControls___7
455,ATL::_dynamic_initializer_for__atlTraceDBClient___7
456,ATL::_dynamic_initializer_for__atlTraceDBProvider___7
457,ATL::_dynamic_initializer_for__atlTraceException___7
458,ATL::_dynamic_initializer_for__atlTraceGeneral___7
459,ATL::_dynamic_initializer_for__atlTraceHosting___7
460,ATL::_dynamic_initializer_for__atlTraceISAPI___7
461,ATL::_dynamic_initializer_for__atlTraceMap___7
462,ATL::_dynamic_initializer_for__atlTraceNotImpl___7
463,ATL::_dynamic_initializer_for__atlTraceQI___7
464,ATL::_dynamic_initializer_for__atlTraceRefcount___7
465,ATL::_dynamic_initializer_for__atlTraceRegistrar___7
466,ATL::_dynamic_initializer_for__atlTraceSecurity___7
467,ATL::_dynamic_initializer_for__atlTraceSnapin___7
468,ATL::_dynamic_initializer_for__atlTraceStencil___7
469,ATL::_dynamic_initializer_for__atlTraceString___7
470,ATL::_dynamic_initializer_for__atlTraceSync___7
471,ATL::_dynamic_initializer_for__atlTraceTime___7
472,ATL::_dynamic_initializer_for__atlTraceUtil___7
473,ATL::_dynamic_initializer_for__atlTraceWindowing___7
474,?OnOk@CDeviceProp@@IAEXXZ
475,?_AfxInitManaged@@YAHXZ
476,??$AtlAdd@H@ATL@@YAJPAHHH@Z
477,??$AtlAdd@I@ATL@@YAJPAIII@Z
478,??$AtlAdd@K@ATL@@YAJPAKKK@Z
479,??$AtlAlignUp@H@ATL@@YGHHK@Z
480,??$AtlMultiply@I@ATL@@YAJPAIII@Z
481,??$AtlMultiply@K@ATL@@YAJPAKKK@Z
482,??0?$CHeapPtr@_WVCCRTAllocator@ATL@@@ATL@@QAE@XZ
483,??0?$CHeapPtrBase@_WVCCRTAllocator@ATL@@@ATL@@IAE@XZ
484,??0?$CSimpleArray@GV?$CSimpleArrayEqualHelper@G@ATL@@@ATL@@QAE@XZ
485,??0?$CTraceCategoryEx@$00$0A@@ATL@@QAE@PB_W@Z
486,??0?$CTraceCategoryEx@$01$0A@@ATL@@QAE@PB_W@Z
487,??0?$CTraceCategoryEx@$03$0A@@ATL@@QAE@PB_W@Z
488,??0?$CTraceCategoryEx@$07$0A@@ATL@@QAE@PB_W@Z
489,??0?$CTraceCategoryEx@$0BA@$0A@@ATL@@QAE@PB_W@Z
490,??0?$CTraceCategoryEx@$0BAA@$0A@@ATL@@QAE@PB_W@Z
491,??0?$CTraceCategoryEx@$0BAAA@$0A@@ATL@@QAE@PB_W@Z
492,??0?$CTraceCategoryEx@$0BAAAA@$0A@@ATL@@QAE@PB_W@Z
493,??0?$CTraceCategoryEx@$0BAAAAA@$0A@@ATL@@QAE@PB_W@Z
494,??0?$CTraceCategoryEx@$0CA@$0A@@ATL@@QAE@PB_W@Z
495,??0?$CTraceCategoryEx@$0CAA@$0A@@ATL@@QAE@PB_W@Z
496,??0?$CTraceCategoryEx@$0CAAA@$0A@@ATL@@QAE@PB_W@Z
497,??0?$CTraceCategoryEx@$0CAAAA@$0A@@ATL@@QAE@PB_W@Z
498,??0?$CTraceCategoryEx@$0CAAAAA@$0A@@ATL@@QAE@PB_W@Z
499,??0?$CTraceCategoryEx@$0EA@$0A@@ATL@@QAE@PB_W@Z
500,??0?$CTraceCategoryEx@$0EAA@$0A@@ATL@@QAE@PB_W@Z
501,??0?$CTraceCategoryEx@$0EAAA@$0A@@ATL@@QAE@PB_W@Z
502,??0?$CTraceCategoryEx@$0EAAAA@$0A@@ATL@@QAE@PB_W@Z
503,??0?$CTraceCategoryEx@$0EAAAAA@$0A@@ATL@@QAE@PB_W@Z
504,??0?$CTraceCategoryEx@$0IA@$0A@@ATL@@QAE@PB_W@Z
505,??0?$CTraceCategoryEx@$0IAA@$0A@@ATL@@QAE@PB_W@Z
506,??0?$CTraceCategoryEx@$0IAAA@$0A@@ATL@@QAE@PB_W@Z
507,??0?$CTraceCategoryEx@$0IAAAA@$0A@@ATL@@QAE@PB_W@Z
508,??0CAtlComModule@ATL@@QAE@XZ
509,??0CAtlStringMgr@ATL@@QAE@PAUIAtlMemMgr@1@@Z
510,??0CAtlWinModule@ATL@@QAE@XZ
511,??0CComCriticalSection@ATL@@QAE@XZ
512,??0CDeviceProp@@QAE@PAUIUPnPDevice@@PAVCWnd@@@Z
513,??0CNilStringData@ATL@@QAE@XZ
514,??0CTraceFileAndLineInfo@ATL@@QAE@PBDH@Z
515,??0CWin32Heap@ATL@@QAE@PAX@Z
516,??0_ATL_COM_MODULE70@ATL@@QAE@XZ
517,??0_ATL_WIN_MODULE70@ATL@@QAE@XZ
518,??1?$CHeapPtr@_WVCCRTAllocator@ATL@@@ATL@@QAE@XZ
519,??1?$CHeapPtrBase@_WVCCRTAllocator@ATL@@@ATL@@QAE@XZ
520,??1?$CSimpleArray@GV?$CSimpleArrayEqualHelper@G@ATL@@@ATL@@QAE@XZ
521,??1CAtlComModule@ATL@@QAE@XZ
522,??1CAtlStringMgr@ATL@@UAE@XZ
523,??1CAtlWinModule@ATL@@QAE@XZ
524,??1CComCriticalSection@ATL@@QAE@XZ
525,??1CDeviceProp@@UAE@XZ
526,??1CWin32Heap@ATL@@UAE@XZ
527,??1_ATL_COM_MODULE70@ATL@@QAE@XZ
528,??1_ATL_WIN_MODULE70@ATL@@QAE@XZ
529,??A?$CSimpleArray@GV?$CSimpleArrayEqualHelper@G@ATL@@@ATL@@QAEAAGH@Z
530,??B?$CHeapPtrBase@_WVCCRTAllocator@ATL@@@ATL@@QBEPA_WXZ
531,??B?$CTraceCategoryEx@$01$0A@@ATL@@QAEIXZ
532,??B?$CTraceCategoryEx@$0CA@$0A@@ATL@@QAEIXZ
533,??RCTraceFileAndLineInfo@ATL@@QBAXHIPB_WZZ
534,??_GCAtlStringMgr@ATL@@UAEPAXI@Z
535,??_GCDeviceProp@@UAEPAXI@Z
536,??_ECWin32Heap@ATL@@UAEPAXI@Z
537,?AddRef@CStringData@ATL@@QAEXXZ
538,?Allocate@?$CHeapPtr@_WVCCRTAllocator@ATL@@@ATL@@QAE_NI@Z
539,?Allocate@CAtlStringMgr@ATL@@UAEPAUCStringData@2@HH@Z
540,?Allocate@CCRTAllocator@ATL@@SAPAXI@Z
541,?Allocate@CWin32Heap@ATL@@UAEPAXI@Z
542,?AllocateBytes@?$CHeapPtrBase@_WVCCRTAllocator@ATL@@@ATL@@QAE_NI@Z
543,?AtlWinModuleInit@ATL@@YGJPAU_ATL_WIN_MODULE70@1@@Z
544,?AtlWinModuleTerm@ATL@@YGJPAU_ATL_WIN_MODULE70@1@PAUHINSTANCE__@@@Z
545,?Clone@CAtlStringMgr@ATL@@UAEPAUIAtlStringMgr@2@XZ
546,?DoDataExchange@CDeviceProp@@MAEXPAVCDataExchange@@@Z
547,?Free@?$CHeapPtrBase@_WVCCRTAllocator@ATL@@@ATL@@QAEXXZ
548,?Free@CAtlStringMgr@ATL@@UAEXPAUCStringData@2@@Z
549,?Free@CCRTAllocator@ATL@@SAXPAX@Z
550,?Free@CWin32Heap@ATL@@UAEXPAX@Z
551,?GetCategoryName@CTrace@ATL@@CAPA_WI@Z
552,?GetInstance@CAtlStringMgr@ATL@@SAPAUIAtlStringMgr@2@XZ
553,?GetMessageMap@CDeviceProp@@MBEPBUAFX_MSGMAP@@XZ
554,?GetModuleInstance@CAtlBaseModule@ATL@@QAEPAUHINSTANCE__@@XZ
555,?GetNilString@CAtlStringMgr@ATL@@UAEPAUCStringData@2@XZ
556,?GetSize@?$CSimpleArray@GV?$CSimpleArrayEqualHelper@G@ATL@@@ATL@@QBEHXZ
557,?GetSize@CWin32Heap@ATL@@UAEIPAX@Z
558,?GetThisMessageMap@CDeviceProp@@KGPBUAFX_MSGMAP@@XZ
559,?Init@CComCriticalSection@ATL@@QAEJXZ
560,?OnInitDialog@CDeviceProp@@MAEHXZ
561,?PrintTextToEditBox@CDeviceProp@@AAEXPAVCEdit@@PA_WJ@Z
562,?Reallocate@CAtlStringMgr@ATL@@UAEPAUCStringData@2@PAU32@HH@Z
563,?Reallocate@CWin32Heap@ATL@@UAEPAXPAXI@Z
564,?RegisterCategory@CTrace@ATL@@SAXPB_WI@Z
565,?RemoveAll@?$CSimpleArray@GV?$CSimpleArrayEqualHelper@G@ATL@@@ATL@@QAEXXZ
566,?SetManager@CNilStringData@ATL@@QAEXPAUIAtlStringMgr@2@@Z
567,?StaticInitialize@CAtlStringMgr@ATL@@CA_NXZ
568,?Term@CAtlComModule@ATL@@QAEXXZ
569,?Term@CAtlWinModule@ATL@@QAEXXZ
570,?Term@CComCriticalSection@ATL@@QAEJXZ
571,?TraceV@CTrace@ATL@@CAXPBDHIIPB_W@Z
572,?TraceV@CTrace@ATL@@SAXPBDHIIPB_WPAD@Z
573,?_AtlInitializeCriticalSectionEx@ATL@@YAHPAU_RTL_CRITICAL_SECTION@@KK@Z
574,?_AtlRaiseException@ATL@@YAXKK@Z
575,_HRESULT_FROM_WIN32
576,??0CGenericUCPApp@@QAE@XZ
577,??1CGenericUCPApp@@UAE@XZ
578,??B?$CTraceCategoryEx@$00$0A@@ATL@@QAEIXZ
579,??RCTraceFileAndLineInfo@ATL@@QBAXPB_WZZ
580,??_GCGenericUCPApp@@UAEPAXI@Z
581,?ExitInstance@CGenericUCPApp@@UAEHXZ
582,?GetApplicationRecoveryParameter@CWinApp@@UAEPAXXZ
583,?GetApplicationRecoveryPingInterval@CWinApp@@UAEKXZ
584,?GetApplicationRestartFlags@CWinApp@@UAEKXZ
585,?GetMessageMap@CGenericUCPApp@@MBEPBUAFX_MSGMAP@@XZ
586,?GetThisMessageMap@CGenericUCPApp@@KGPBUAFX_MSGMAP@@XZ
587,?InitInstance@CGenericUCPApp@@UAEHXZ
588,?ReopenPreviousFilesAtRestart@CWinApp@@UBEHXZ
589,?RestoreAutosavedFilesAtRestart@CWinApp@@UBEHXZ
590,?SupportsApplicationRecovery@CWinApp@@UBEHXZ
591,?SupportsAutosaveAtInterval@CWinApp@@UBEHXZ
592,?SupportsAutosaveAtRestart@CWinApp@@UBEHXZ
593,?SupportsRestartManager@CWinApp@@UBEHXZ
594,?OnSysCommand@CGenericUCPDlg@@IAEXIJ@Z
595,?OnPaint@CGenericUCPDlg@@IAEXXZ
596,?OnQueryDragIcon@CGenericUCPDlg@@IAEPAUHICON__@@XZ
597,?OnViewSCPD@CGenericUCPDlg@@IAEXXZ
598,?OnFindByType@CGenericUCPDlg@@IAEXXZ
599,?OnDiscoveryClicked@CGenericUCPDlg@@IAEXXZ
600,?OnFindbyUDN@CGenericUCPDlg@@IAEXXZ
601,?OnAsyncFind@CGenericUCPDlg@@IAEXXZ
602,?OnSelEndOkComboDevice@CGenericUCPDlg@@IAEXXZ
603,?OnSelEndOkComboService@CGenericUCPDlg@@IAEXXZ
604,?OnDevpropClick@CGenericUCPDlg@@IAEXXZ
605,?OnSubscribe@CGenericUCPDlg@@IAEXXZ
606,?OnQueryVariable@CGenericUCPDlg@@IAEXXZ
607,?OnInvokeAction@CGenericUCPDlg@@IAEXXZ
608,?OnCloseClick@CGenericUCPDlg@@IAEXXZ
609,?OnCheckBoxClick@CGenericUCPDlg@@IAEXXZ
610,?OnClose@CGenericUCPDlg@@IAEXXZ
611,??0CAboutDlg@@QAE@XZ
612,??0CDeviceFinderCallback@@QAE@XZ
613,??0CGenericUCPDlg@@QAE@PAVCWnd@@@Z
614,??0CRect@@QAE@XZ
615,??0CServiceCallback@@QAE@XZ
616,??0CUPnPAsyncResult@@QAE@XZ
617,??0IUPnPAsyncResult@@QAE@XZ
618,??0IUPnPDeviceFinderCallback@@QAE@XZ
619,??0IUPnPServiceCallback@@QAE@XZ
620,??0IUnknown@@QAE@XZ
621,??1CAboutDlg@@UAE@XZ
622,??1CDeviceFinderCallback@@QAE@XZ
623,??1CGenericUCPDlg@@UAE@XZ
624,??1CServiceCallback@@QAE@XZ
625,??1CUPnPAsyncResult@@QAE@XZ
626,??_ECAboutDlg@@UAEPAXI@Z
627,??_GCDeviceFinderCallback@@QAEPAXI@Z
628,??_ECGenericUCPDlg@@UAEPAXI@Z
629,??_GCServiceCallback@@QAEPAXI@Z
630,??_GCUPnPAsyncResult@@QAEPAXI@Z
631,?AddDevice@CGenericUCPDlg@@QAEXPAUIUPnPDevice@@@Z
632,?AddRef@CDeviceFinderCallback@@UAGKXZ
633,?AddRef@CServiceCallback@@UAGKXZ
634,?AddRef@CUPnPAsyncResult@@UAGKXZ
635,?AsyncOperationComplete@CUPnPAsyncResult@@UAGJ_K@Z
636,?ClearAllDataStructures@CGenericUCPDlg@@AAEXH@Z
637,?ClearDeviceCombo@CGenericUCPDlg@@AAEXXZ
638,?ClearServiceCombo@CGenericUCPDlg@@AAEXXZ
639,?Create@CDeviceFinderCallback@@SAPAV1@XZ
640,?Create@CServiceCallback@@SAPAV1@XZ
641,?DeviceAdded@CDeviceFinderCallback@@UAGJJPAUIUPnPDevice@@@Z
642,?DeviceRemoved@CDeviceFinderCallback@@UAGJJPA_W@Z
643,?DoDataExchange@CAboutDlg@@MAEXPAVCDataExchange@@@Z
644,?DoDataExchange@CGenericUCPDlg@@MAEXPAVCDataExchange@@@Z
645,?GetHandle@CUPnPAsyncResult@@QAEPAXXZ
646,?GetMessageMap@CAboutDlg@@MBEPBUAFX_MSGMAP@@XZ
647,?GetMessageMap@CGenericUCPDlg@@MBEPBUAFX_MSGMAP@@XZ
648,?GetThisMessageMap@CAboutDlg@@KGPBUAFX_MSGMAP@@XZ
649,?GetThisMessageMap@CGenericUCPDlg@@KGPBUAFX_MSGMAP@@XZ
650,?Height@CRect@@QBEHXZ
651,?Init@CUPnPAsyncResult@@QAGJXZ
652,?InitializeDevTypeArray@CGenericUCPDlg@@AAEXXZ
653,?InitializeUDNList@CGenericUCPDlg@@AAEXXZ
654,?OnAppAbout@CGenericUCPDlg@@IAEXXZ
655,?OnInitDialog@CGenericUCPDlg@@MAEHXZ
656,?OnInvokeAsyncAction@CGenericUCPDlg@@AAEXPA_WHUtagVARIANT@@@Z
657,?OnInvokeSyncAction@CGenericUCPDlg@@AAEXPA_WHUtagVARIANT@@@Z
658,?OnQueryVariableAsync@CGenericUCPDlg@@AAEXPA_WH@Z
659,?OnQueryVariableSync@CGenericUCPDlg@@AAEXPA_WH@Z
660,?PreTranslateMessage@CGenericUCPDlg@@MAEHPAUtagMSG@@@Z
661,?ProcessAsyncFind@CGenericUCPDlg@@AAEXPA_W@Z
662,?ProcessFindByType@CGenericUCPDlg@@AAEXPA_W@Z
663,?ProcessFindByUDN@CGenericUCPDlg@@AAEXPA_W@Z
664,?QueryInterface@CDeviceFinderCallback@@UAGJABU_GUID@@PAPAX@Z
665,?QueryInterface@CServiceCallback@@UAGJABU_GUID@@PAPAX@Z
666,?QueryInterface@CUPnPAsyncResult@@UAGJABU_GUID@@PAPAX@Z
667,?Release@CDeviceFinderCallback@@UAGKXZ
668,?Release@CServiceCallback@@UAGKXZ
669,?Release@CUPnPAsyncResult@@UAGKXZ
670,?RemoveDevice@CGenericUCPDlg@@QAEXPA_W@Z
671,?SearchComplete@CDeviceFinderCallback@@UAGJJ@Z
672,?ServiceInstanceDied@CServiceCallback@@UAGJPAUIUPnPService@@@Z
673,?SetDialogPointer@CDeviceFinderCallback@@QAEXPAVCGenericUCPDlg@@@Z
674,?SetDialogPointer@CServiceCallback@@QAEXPAVCGenericUCPDlg@@@Z
675,?StateVariableChanged@CServiceCallback@@UAGJPAUIUPnPService@@PB_WUtagVARIANT@@@Z
676,?StopAsyncFindIfStarted@CGenericUCPDlg@@AAEXXZ
677,?Width@CRect@@QBEHXZ
678,?_InterlockedDecrement@@YAKPCK@Z
679,?_InterlockedIncrement@@YAKPCK@Z
680,?fFileExists@CGenericUCPDlg@@AAEHPA_W@Z
681,?iNumberOfInArguments@CGenericUCPDlg@@AAEHPA_W@Z
682,___
683,_IsEqualGUID
684,?OnOk@CSCPDDisplay@@IAEXXZ
685,??0CSCPDDisplay@@QAE@PA_WPAVCWnd@@@Z
686,??1CSCPDDisplay@@UAE@XZ
687,??_ECSCPDDisplay@@UAEPAXI@Z
688,?DoDataExchange@CSCPDDisplay@@MAEXPAVCDataExchange@@@Z
689,?GetMessageMap@CSCPDDisplay@@MBEPBUAFX_MSGMAP@@XZ
690,?GetThisMessageMap@CSCPDDisplay@@KGPBUAFX_MSGMAP@@XZ
691,?OnInitDialog@CSCPDDisplay@@MAEHXZ
692,?HrCreateArgVariants@@YAJKPAPAPAUtagVARIANT@@@Z
693,?HrCreateSafeArray@@YAJGHPAPAUtagSAFEARRAY@@@Z
694,?HrDestroyArgVariants@@YAJKPAPAPAUtagVARIANT@@@Z
695,?HrGetSafeArrayBounds@@YAJPAUtagSAFEARRAY@@PAJ1@Z
696,?HrGetVariantElement@@YAJPAUtagSAFEARRAY@@HPAUtagVARIANT@@@Z
697,?PrintErrorText@@YAXJ@Z
698,?ReleaseObj@@YAXPAUIUnknown@@@Z
699,?SafeStrCopy@@YAXPA_WPB_WI@Z
700,?VariantSetArray@@YAXPAUtagSAFEARRAY@@AAUtagVARIANT@@@Z
701,?VariantSetVar@@YAXPAUtagVARIANT@@AAU1@@Z
702,??3@YAXPAX@Z
703,?GetThisMessageMap@CDialog@@KGPBUAFX_MSGMAP@@XZ
704,??3CObject@@SGXPAX@Z
705,?Serialize@CObject@@UAEXAAVCArchive@@@Z
706,?DDX_Control@@YGXPAVCDataExchange@@HAAVCWnd@@@Z
707,?IsInvokeAllowed@CCmdTarget@@UAEHJ@Z
708,?GetDispatchIID@CCmdTarget@@UAEHPAU_GUID@@@Z
709,?GetTypeInfoCount@CCmdTarget@@UAEIXZ
710,?GetTypeLibCache@CCmdTarget@@UAEPAVCTypeLibCache@@XZ
711,?GetTypeLib@CCmdTarget@@UAEJKPAPAUITypeLib@@@Z
712,?GetCommandMap@CCmdTarget@@MBEPBUAFX_OLECMDMAP@@XZ
713,?GetDispatchMap@CCmdTarget@@MBEPBUAFX_DISPMAP@@XZ
714,?GetConnectionMap@CCmdTarget@@MBEPBUAFX_CONNECTIONMAP@@XZ
715,?GetEventSinkMap@CCmdTarget@@MBEPBUAFX_EVENTSINKMAP@@XZ
716,?OnCreateAggregates@CCmdTarget@@UAEHXZ
717,?GetInterfaceHook@CCmdTarget@@UAEPAUIUnknown@@PBX@Z
718,?GetExtraConnectionPoints@CCmdTarget@@MAEHPAVCPtrArray@@@Z
719,?GetConnectionHook@CCmdTarget@@MAEPAUIConnectionPoint@@ABU_GUID@@@Z
720,?PreSubclassWindow@CWnd@@UAEXXZ
721,?Create@CWnd@@UAEHPB_W0KABUtagRECT@@PAV1@IPAUCCreateContext@@@Z
722,?CreateEx@CWnd@@UAEHKPB_W0KHHHHPAUHWND__@@PAUHMENU__@@PAX@Z
723,?CreateEx@CWnd@@UAEHKPB_W0KABUtagRECT@@PAV1@IPAX@Z
724,?DestroyWindow@CWnd@@UAEHXZ
725,?PreCreateWindow@CWnd@@UAEHAAUtagCREATESTRUCTW@@@Z
726,?CalcWindowRect@CWnd@@UAEXPAUtagRECT@@I@Z
727,?SetWindowTextW@CWnd@@QAEXPB_W@Z
728,?GetMenu@CWnd@@UBEPAVCMenu@@XZ
729,?SetMenu@CWnd@@UAEHPAVCMenu@@@Z
730,?OnToolHitTest@CWnd@@UBEHVCPoint@@PAUtagTOOLINFOW@@@Z
731,?GetScrollBarCtrl@CWnd@@UBEPAVCScrollBar@@H@Z
732,?WinHelpW@CWnd@@UAEXKI@Z
733,?HtmlHelpW@CWnd@@UAEXKI@Z
734,?WinHelpInternal@CWnd@@UAEXKI@Z
735,?ContinueModal@CWnd@@UAEHXZ
736,?EndModalLoop@CWnd@@UAEXH@Z
737,?OnDrawIconicThumbnailOrLivePreview@CWnd@@UAEXAAVCDC@@VCRect@@VCSize@@HAAH@Z
738,?GetInterfaceMap@CWnd@@MBEPBUAFX_INTERFACEMAP@@XZ
739,?EnsureStdObj@CWnd@@UAEJXZ
740,?get_accParent@CWnd@@UAEJPAPAUIDispatch@@@Z
741,?get_accChildCount@CWnd@@UAEJPAJ@Z
742,?get_accChild@CWnd@@UAEJUtagVARIANT@@PAPAUIDispatch@@@Z
743,?get_accName@CWnd@@UAEJUtagVARIANT@@PAPA_W@Z
744,?get_accValue@CWnd@@UAEJUtagVARIANT@@PAPA_W@Z
745,?get_accDescription@CWnd@@UAEJUtagVARIANT@@PAPA_W@Z
746,?get_accRole@CWnd@@UAEJUtagVARIANT@@PAU2@@Z
747,?get_accState@CWnd@@UAEJUtagVARIANT@@PAU2@@Z
748,?get_accHelp@CWnd@@UAEJUtagVARIANT@@PAPA_W@Z
749,?get_accHelpTopic@CWnd@@UAEJPAPA_WUtagVARIANT@@PAJ@Z
750,?get_accKeyboardShortcut@CWnd@@UAEJUtagVARIANT@@PAPA_W@Z
751,?get_accFocus@CWnd@@UAEJPAUtagVARIANT@@@Z
752,?get_accSelection@CWnd@@UAEJPAUtagVARIANT@@@Z
753,?get_accDefaultAction@CWnd@@UAEJUtagVARIANT@@PAPA_W@Z
754,?accSelect@CWnd@@UAEJJUtagVARIANT@@@Z
755,?accLocation@CWnd@@UAEJPAJ000UtagVARIANT@@@Z
756,?accNavigate@CWnd@@UAEJJUtagVARIANT@@PAU2@@Z
757,?accHitTest@CWnd@@UAEJJJPAUtagVARIANT@@@Z
758,?accDoDefaultAction@CWnd@@UAEJUtagVARIANT@@@Z
759,?put_accName@CWnd@@UAEJUtagVARIANT@@PA_W@Z
760,?put_accValue@CWnd@@UAEJUtagVARIANT@@PA_W@Z
761,?SetProxy@CWnd@@UAEJPAUIAccessibleProxy@@@Z
762,?CreateAccessibleProxy@CWnd@@UAEJIJPAJ@Z
763,?OnCommand@CWnd@@MAEHIJ@Z
764,?OnNotify@CWnd@@MAEHIJPAJ@Z
765,?GetSuperWndProcAddr@CWnd@@MAEPAP6GJPAUHWND__@@IIJ@ZXZ
766,?DoDataExchange@CWnd@@MAEXPAVCDataExchange@@@Z
767,?BeginModalState@CWnd@@UAEXXZ
768,?EndModalState@CWnd@@UAEXXZ
769,?OnAmbientProperty@CWnd@@UAEHPAVCOleControlSite@@JPAUtagVARIANT@@@Z
770,?WindowProc@CWnd@@MAEJIIJ@Z
771,?OnWndMsg@CWnd@@MAEHIIJPAJ@Z
772,?DefWindowProcW@CWnd@@MAEJIIJ@Z
773,?PostNcDestroy@CWnd@@MAEXXZ
774,?OnChildNotify@CWnd@@MAEHIIJPAJ@Z
775,?OnTouchInputs@CWnd@@MAEHIPAUtagTOUCHINPUT@@@Z
776,?OnTouchInput@CWnd@@MAEHVCPoint@@HHPAUtagTOUCHINPUT@@@Z
777,?GetGestureStatus@CWnd@@MAEKVCPoint@@@Z
778,?OnGestureZoom@CWnd@@MAEHVCPoint@@J@Z
779,?OnGesturePan@CWnd@@MAEHVCPoint@@0@Z
780,?OnGestureRotate@CWnd@@MAEHVCPoint@@N@Z
781,?OnGestureTwoFingerTap@CWnd@@MAEHVCPoint@@@Z
782,?OnGesturePressAndTap@CWnd@@MAEHVCPoint@@J@Z
783,?IsFrameWnd@CWnd@@UBEHXZ
784,?OnFinalRelease@CWnd@@UAEXXZ
785,?CreateControlContainer@CWnd@@MAEHPAPAVCOleControlContainer@@@Z
786,?CreateControlSite@CWnd@@MAEHPAVCOleControlContainer@@PAPAVCOleControlSite@@IABU_GUID@@@Z
787,?GetRuntimeClass@CDialog@@UBEPAUCRuntimeClass@@XZ
788,?Create@CDialog@@UAEHPB_WPAVCWnd@@@Z
789,?Create@CDialog@@UAEHIPAVCWnd@@@Z
790,?CreateIndirect@CDialog@@UAEHPBUDLGTEMPLATE@@PAVCWnd@@PAX@Z
791,?CreateIndirect@CDialog@@UAEHPAXPAVCWnd@@@Z
792,??0CDialog@@QAE@IPAVCWnd@@@Z
793,?DoModal@CDialog@@UAEHXZ
794,?EndDialog@CDialog@@QAEXH@Z
795,?OnInitDialog@CDialog@@UAEHXZ
796,?OnSetFont@CDialog@@UAEXPAVCFont@@@Z
797,?OnOK@CDialog@@MAEXXZ
798,?OnCancel@CDialog@@MAEXXZ
799,??1CDialog@@UAE@XZ
800,?AssertValid@CDialog@@UBEXXZ
801,?Dump@CDialog@@UBEXAAVCDumpContext@@@Z
802,?PreTranslateMessage@CDialog@@UAEHPAUtagMSG@@@Z
803,?OnCmdMsg@CDialog@@UAEHIHPAXPAUAFX_CMDHANDLERINFO@@@Z
804,?CheckAutoCenter@CDialog@@UAEHXZ
805,?SetOccDialogInfo@CDialog@@MAEHPAU_AFX_OCC_DIALOG_INFO@@@Z
806,?GetOccDialogInfo@CDialog@@MAEPAU_AFX_OCC_DIALOG_INFO@@XZ
807,?PreInitDialog@CDialog@@MAEXXZ
808,??0CButton@@QAE@XZ
809,??1CButton@@UAE@XZ
810,??0CEdit@@QAE@XZ
811,??1CEdit@@UAE@XZ
812,?OnHelp@CWinApp@@IAEXXZ
813,?GetThisMessageMap@CWinApp@@KGPBUAFX_MSGMAP@@XZ
814,?OnCmdMsg@CCmdTarget@@UAEHIHPAXPAUAFX_CMDHANDLERINFO@@@Z
815,?OnFinalRelease@CCmdTarget@@UAEXXZ
816,?GetInterfaceMap@CCmdTarget@@MBEPBUAFX_INTERFACEMAP@@XZ
817,?AfxInitRichEdit@@YGHXZ
818,?PreTranslateMessage@CWinThread@@UAEHPAUtagMSG@@@Z
819,?PumpMessage@CWinThread@@UAEHXZ
820,?IsIdleMessage@CWinThread@@UAEHPAUtagMSG@@@Z
821,?ProcessMessageFilter@CWinThread@@UAEHHPAUtagMSG@@@Z
822,?GetMainWnd@CWinThread@@UAEPAVCWnd@@XZ
823,?Delete@CWinThread@@UAEXXZ
824,??0CCommandLineInfo@@QAE@XZ
825,??1CCommandLineInfo@@UAE@XZ
826,?GetRuntimeClass@CWinApp@@UBEPAUCRuntimeClass@@XZ
827,??0CWinApp@@QAE@PB_W@Z
828,?GetProfileIntW@CWinApp@@UAEIPB_W0H@Z
829,?WriteProfileInt@CWinApp@@UAEHPB_W0H@Z
830,?GetProfileStringW@CWinApp@@UAE?AV?$CStringT@_WV?$StrTraitMFC_DLL@_WV?$ChTraitsCRT@_W@ATL@@@@@ATL@@PB_W00@Z
831,?WriteProfileStringW@CWinApp@@UAEHPB_W00@Z
832,?GetProfileBinary@CWinApp@@UAEHPB_W0PAPAEPAI@Z
833,?WriteProfileBinary@CWinApp@@UAEHPB_W0PAEI@Z
834,?InitLibId@CWinApp@@UAEXXZ
835,?Register@CWinApp@@UAEHXZ
836,?Unregister@CWinApp@@UAEHXZ
837,?OpenDocumentFile@CWinApp@@UAEPAVCDocument@@PB_W@Z
838,?OpenDocumentFile@CWinApp@@UAEPAVCDocument@@PB_WH@Z
839,?AddToRecentFileList@CWinApp@@UAEXPB_W@Z
840,?ParseCommandLine@CWinApp@@QAEXAAVCCommandLineInfo@@@Z
841,?InitApplication@CWinApp@@UAEHXZ
842,?SaveAllModified@CWinApp@@UAEHXZ
843,?DoMessageBox@CWinApp@@UAEHPB_WII@Z
844,?DoWaitCursor@CWinApp@@UAEXH@Z
845,?OnDDECommand@CWinApp@@UAEHPA_W@Z
846,?WinHelpW@CWinApp@@UAEXKI@Z
847,?HtmlHelpW@CWinApp@@UAEXKI@Z
848,?WinHelpInternal@CWinApp@@UAEXKI@Z
849,?RegisterWithRestartManager@CWinApp@@UAEJHABV?$CStringT@_WV?$StrTraitMFC_DLL@_WV?$ChTraitsCRT@_W@ATL@@@@@ATL@@@Z
850,?RegisterWithRestartManager@CWinApp@@UAEJPB_WKP6GKPAX@Z1KK@Z
851,?ApplicationRecoveryCallback@CWinApp@@UAEKPAX@Z
852,?GetDataRecoveryHandler@CWinApp@@UAEPAVCDataRecoveryHandler@@XZ
853,?IsTaskbarInteractionEnabled@CWinApp@@UAEHXZ
854,?RestartInstance@CWinApp@@UAEHXZ
855,?Run@CWinApp@@UAEHXZ
856,?OnIdle@CWinApp@@UAEHJ@Z
857,?ProcessWndProcException@CWinApp@@UAEJPAVCException@@PBUtagMSG@@@Z
858,?LoadAppLangResourceDLL@CWinApp@@UAEPAUHINSTANCE__@@XZ
859,??1CWinApp@@UAE@XZ
860,?AssertValid@CWinApp@@UBEXXZ
861,?Dump@CWinApp@@UBEXAAVCDumpContext@@@Z
862,?LoadSysPolicies@CWinApp@@UAEHXZ
863,?AfxEnableControlContainer@@YAXPAVCOccManager@@@Z
864,?AfxAssertFailedLine@@YGHPBDH@Z
865,??B?$CSimpleStringT@_W$00@ATL@@QBEPB_WXZ
866,?GetLength@?$CSimpleStringT@_W$00@ATL@@QBEHXZ
867,?IsEmpty@?$CSimpleStringT@_W$00@ATL@@QBE_NXZ
868,??0?$CStringT@_WV?$StrTraitMFC_DLL@_WV?$ChTraitsCRT@_W@ATL@@@@@ATL@@QAE@XZ
869,??1?$CStringT@_WV?$StrTraitMFC_DLL@_WV?$ChTraitsCRT@_W@ATL@@@@@ATL@@QAE@XZ
870,??4?$CStringT@_WV?$StrTraitMFC_DLL@_WV?$ChTraitsCRT@_W@ATL@@@@@ATL@@QAEAAV01@ABV01@@Z
871,??4?$CStringT@_WV?$StrTraitMFC_DLL@_WV?$ChTraitsCRT@_W@ATL@@@@@ATL@@QAEAAV01@PB_W@Z
872,?Find@?$CStringT@_WV?$StrTraitMFC_DLL@_WV?$ChTraitsCRT@_W@ATL@@@@@ATL@@QBEH_WH@Z
873,?Right@?$CStringT@_WV?$StrTraitMFC_DLL@_WV?$ChTraitsCRT@_W@ATL@@@@@ATL@@QBE?AV12@H@Z
874,?Left@?$CStringT@_WV?$StrTraitMFC_DLL@_WV?$ChTraitsCRT@_W@ATL@@@@@ATL@@QBE?AV12@H@Z
875,?AllocSysString@?$CStringT@_WV?$StrTraitMFC_DLL@_WV?$ChTraitsCRT@_W@ATL@@@@@ATL@@QBEPA_WXZ
876,?LoadStringW@?$CStringT@_WV?$StrTraitMFC_DLL@_WV?$ChTraitsCRT@_W@ATL@@@@@ATL@@QAEHI@Z
877,??0CStdioFile@@QAE@XZ
878,?ReadString@CStdioFile@@UAEHAAV?$CStringT@_WV?$StrTraitMFC_DLL@_WV?$ChTraitsCRT@_W@ATL@@@@@ATL@@@Z
879,??1CStdioFile@@UAE@XZ
880,?Open@CStdioFile@@UAEHPB_WIPAVCFileException@@@Z
881,?Close@CStdioFile@@UAEXXZ
882,??2@YAPAXIPBDH@Z
883,??3@YAXPAXPBDH@Z
884,??0CStringArray@@QAE@XZ
885,?SetSize@CStringArray@@QAEXHH@Z
886,?RemoveAll@CStringArray@@QAEXXZ
887,?Add@CStringArray@@QAEHABV?$CStringT@_WV?$StrTraitMFC_DLL@_WV?$ChTraitsCRT@_W@ATL@@@@@ATL@@@Z
888,??ACStringArray@@QAEAAV?$CStringT@_WV?$StrTraitMFC_DLL@_WV?$ChTraitsCRT@_W@ATL@@@@@ATL@@H@Z
889,??1CStringArray@@UAE@XZ
890,?GetSafeHdc@CDC@@QBEPAUHDC__@@XZ
891,?DrawIcon@CDC@@QAEHHHPAUHICON__@@@Z
892,??0CPaintDC@@QAE@PAVCWnd@@@Z
893,??1CPaintDC@@UAE@XZ
894,?AppendMenuW@CMenu@@QAEHIIPB_W@Z
895,?GetSafeHwnd@CWnd@@QBEPAUHWND__@@XZ
896,?FromHandle@CWnd@@SGPAV1@PAUHWND__@@@Z
897,?SendMessageW@CWnd@@QBEJIIJ@Z
898,?GetWindowTextW@CWnd@@QBEHPA_WH@Z
899,?GetWindowTextW@CWnd@@QBEXAAV?$CStringT@_WV?$StrTraitMFC_DLL@_WV?$ChTraitsCRT@_W@ATL@@@@@ATL@@@Z
900,?GetSystemMenu@CWnd@@QBEPAVCMenu@@H@Z
901,?IsIconic@CWnd@@QBEHXZ
902,?GetClientRect@CWnd@@QBEXPAUtagRECT@@@Z
903,?EnableWindow@CWnd@@QAEHH@Z
904,?MessageBoxW@CWnd@@QAEHPB_W0I@Z
905,?SetIcon@CWnd@@QAEPAUHICON__@@PAU2@H@Z
906,?OnClose@CWnd@@IAEXXZ
907,?OnSysCommand@CWnd@@IAEXIJ@Z
908,?GetDefID@CDialog@@QBEKXZ
909,?OnPaint@CDialog@@IAEXXZ
910,??0CStatic@@QAE@XZ
911,??1CStatic@@UAE@XZ
912,?GetCheck@CButton@@QBEHXZ
913,?SetCheck@CButton@@QAEXH@Z
914,??0CComboBox@@QAE@XZ
915,?GetCount@CComboBox@@QBEHXZ
916,?GetCurSel@CComboBox@@QBEHXZ
917,?SetCurSel@CComboBox@@QAEHH@Z
918,?GetItemDataPtr@CComboBox@@QBEPAXH@Z
919,?SetItemDataPtr@CComboBox@@QAEHHPAX@Z
920,?AddString@CComboBox@@QAEHPB_W@Z
921,?DeleteString@CComboBox@@QAEHI@Z
922,?ResetContent@CComboBox@@QAEXXZ
923,??1CComboBox@@UAE@XZ
924,?AfxGetApp@@YGPAVCWinApp@@XZ
925,?LoadIconW@CWinApp@@QBEPAUHICON__@@I@Z
926,??2@YAPAXI@Z
927,??_U@YAPAXI@Z
928,??_V@YAXPAX@Z
929,??1CComBSTR@ATL@@QAE@XZ
930,??1stringdispid@CComTypeInfoHolder@ATL@@QAE@XZ
931,??_Estringdispid@CComTypeInfoHolder@ATL@@QAEPAXI@Z
932,_IsolationAwareActivateActCtx@8
933,_IsolationAwareCreateActCtxW@4
934,_IsolationAwareDeactivateActCtx@8
935,_IsolationAwareFindActCtxSectionStringW@20
936,_IsolationAwarePrivatenPgViNgRzlnPgpgk@4
937,_IsolationAwarePrivatezltRgCebPnQQeRff@12
938,_IsolationAwarePrivatezltRgzbQhYRuNaQYRJ@4
939,_IsolationAwarePrivatezltRgzbQhYRuNaQYRn@4
940,_IsolationAwareQueryActCtxW@28
941,_IsolationAwareUnregisterClassW@8
942,_WinbaseIsolationAwarePrivatetRgCebPnQQeRff_xReaRYQP_QYY@4
943,_WinbaseIsolationAwarePrivatetRgzlnPgpgk@0
944,pre_c_init
945,pre_cpp_init
946,_NtCurrentTeb
947,__tmainCRTStartup
948,check_managed_app
949,_wWinMainCRTStartup
950,___atonexitinit
951,__onexit
952,_atexit
953,_memset
954,_wcscpy_s
955,_wcslen
956,_swprintf_s
957,__snwprintf_s
958,__vsnwprintf_s
959,__vscwprintf
960,_free
961,_malloc
962,__CrtDbgReportW
963,@_RTC_AllocaHelper@12
964,@_RTC_CheckStackVars2@12
965,@_RTC_CheckStackVars@8
966,__RTC_CheckEsp
967,@__security_check_cookie@4
968,__RTC_InitBase
969,__RTC_Shutdown
970,___CxxFrameHandler3
971,__chkstk
972,??0type_info@@AAE@ABV0@@Z
973,??4type_info@@AAEAAV0@ABV0@@Z
974,??_Etype_info@@UAEPAXI@Z
975,___raise_securityfailure
976,___report_gsfailure
977,___report_rangecheckfailure
978,___report_securityfailure
979,___report_securityfailureEx
980,_memcmp
981,_wcscmp
982,_wcsncat_s
983,_wcstok_s
984,__wcsnicmp
985,_wcsncpy_s
986,??_M@YGXPAXIHP6EX0@Z@Z
987,ArrayUnwindFilter
988,?__ArrayUnwind@@YGXPAXIHP6EX0@Z@Z
989,__except_handler4
990,?__CxxUnhandledExceptionFilter@@YGJPAU_EXCEPTION_POINTERS@@@Z
991,___CxxSetUnhandledExceptionFilter
992,__XcptFilter
993,___crtGetShowWindowMode
994,__amsg_exit
995,__wsetargv
996,___wgetmainargs
997,___set_app_type
998,__CrtSetCheckCount
999,__FindPESection
1000,__IsNonwritableInCurrentImage
1001,__ValidateImageBase
1002,_exit_0
1003,__exit
1004,__cexit
1005,___security_init_cookie
1006,__matherr
1007,__RTC_Initialize
1008,__RTC_Terminate
1009,__configthreadlocale
1010,__invoke_watson_if_error
1011,__setdefaultprecision
1012,___setusermatherr
1013,__initterm_e
1014,__initterm
1015,__lock
1016,__unlock
1017,__calloc_dbg
1018,___dllonexit
1019,DebuggerProbe
1020,DebuggerRuntime
1021,?_RTC_AllocaFailure@@YAXPAXPAU_RTC_ALLOCA_NODE@@H@Z
1022,?_RTC_Failure@@YAXPAXH@Z
1023,?_RTC_StackFailure@@YAXPAXPBD@Z
1024,_getMemBlockDataString
1025,_strlen_priv
1026,failwithmessage
1027,__RTC_UninitUse
1028,?_RTC_GetErrorFunc@@YAP6AHHPBDH00ZZPBX@Z
1029,?_RTC_GetErrorFuncW@@YAP6AHHPB_WH00ZZPBX@Z
1030,__RTC_GetErrDesc
1031,__RTC_NumErrors
1032,__RTC_SetErrorFunc
1033,__RTC_SetErrorFuncW
1034,__RTC_SetErrorType
1035,__CRT_RTC_INITW
1036,??1type_info@@UAE@XZ_0
1037,__crt_debugger_hook
1038,___crtUnhandledException
1039,___crtTerminateProcess
1040,?terminate@@YAXXZ_0
1041,__except_handler4_common
1042,___crtSetUnhandledExceptionFilter
1043,__invoke_watson
1044,__controlfp_s
1045,GetPdbDll
1046,GetPdbDllFromInstallPath
1047,GetPdbDllPathFromFilePath
1048,?_RTC_GetSrcLine@@YAHPAEPA_WKPAH1K@Z
1049,__wmakepath_s
1050,__wsplitpath_s
1051,_DecodePointer@4
1052,_RaiseException@16
1053,_GetLastError@0
1054,_HeapDestroy@4
1055,_HeapAlloc@12
1056,_HeapReAlloc@16
1057,_HeapFree@12
1058,_HeapSize@12
1059,_GetProcessHeap@0
1060,_InitializeCriticalSectionEx@12
1061,_DeleteCriticalSection@4
1062,_GetFileAttributesW@4
1063,_CloseHandle@4
1064,_SetEvent@4
1065,_CreateEventW@16
1066,_Sleep@4
1067,_OutputDebugStringA@4
1068,_SetLastError@4
1069,_InitializeCriticalSectionAndSpinCount@8
1070,_GetModuleFileNameW@12
1071,_GetModuleHandleA@4
1072,_GetModuleHandleW@4
1073,_GetProcAddress@8
1074,_LoadLibraryW@4
1075,_EncodePointer@4
1076,_IsDebuggerPresent@0
1077,_IsProcessorFeaturePresent@4
1078,_QueryPerformanceCounter@4
1079,_GetCurrentProcessId@0
1080,_GetCurrentThreadId@0
1081,_GetSystemTimeAsFileTime@4
1082,_LoadLibraryExW@12
1083,_MultiByteToWideChar@24
1084,_WideCharToMultiByte@32
1085,_VirtualQuery@12
1086,_FreeLibrary@4
1087,_UnregisterClassW@8
1088,_TranslateMessage@4
1089,_DispatchMessageW@4
1090,_PeekMessageW@20
1091,_MsgWaitForMultipleObjectsEx@20
1092,_GetSystemMetrics@4
1093,_GetClassNameW@12
1094,_MessageBoxW@16
1095,??$?2PAUHINSTANCE__@@@Wrapper@?$CSimpleArray@PAUHINSTANCE__@@V?$CSimpleArrayEqualHelper@PAUHINSTANCE__@@@ATL@@@ATL@@SAPAXIPAPAUHINSTANCE__@@@Z
1096,??0?$CComCritSecLock@VCComCriticalSection@ATL@@@ATL@@QAE@AAVCComCriticalSection@1@_N@Z
1097,??0?$CSimpleArray@PAUHINSTANCE__@@V?$CSimpleArrayEqualHelper@PAUHINSTANCE__@@@ATL@@@ATL@@QAE@XZ
1098,??0CAtlBaseModule@ATL@@QAE@XZ
1099,??0Wrapper@?$CSimpleArray@PAUHINSTANCE__@@V?$CSimpleArrayEqualHelper@PAUHINSTANCE__@@@ATL@@@ATL@@QAE@ABQAUHINSTANCE__@@@Z
1100,??0_ATL_BASE_MODULE70@ATL@@QAE@XZ
1101,??1?$CComCritSecLock@VCComCriticalSection@ATL@@@ATL@@QAE@XZ
1102,??1?$CSimpleArray@PAUHINSTANCE__@@V?$CSimpleArrayEqualHelper@PAUHINSTANCE__@@@ATL@@@ATL@@QAE@XZ
1103,??1CAtlBaseModule@ATL@@QAE@XZ
1104,??1_ATL_BASE_MODULE70@ATL@@QAE@XZ
1105,??A?$CSimpleArray@PAUHINSTANCE__@@V?$CSimpleArrayEqualHelper@PAUHINSTANCE__@@@ATL@@@ATL@@QAEAAPAUHINSTANCE__@@H@Z
1106,?Add@?$CSimpleArray@PAUHINSTANCE__@@V?$CSimpleArrayEqualHelper@PAUHINSTANCE__@@@ATL@@@ATL@@QAEHABQAUHINSTANCE__@@@Z
1107,?AddResourceInstance@CAtlBaseModule@ATL@@QAE_NPAUHINSTANCE__@@@Z
1108,?AtlCrtErrorCheck@ATL@@YAHH@Z
1109,?AtlThrowImpl@ATL@@YGXJ@Z
1110,?GetHInstanceAt@CAtlBaseModule@ATL@@QAEPAUHINSTANCE__@@H@Z
1111,?GetSize@?$CSimpleArray@PAUHINSTANCE__@@V?$CSimpleArrayEqualHelper@PAUHINSTANCE__@@@ATL@@@ATL@@QBEHXZ
1112,?InternalSetAtIndex@?$CSimpleArray@PAUHINSTANCE__@@V?$CSimpleArrayEqualHelper@PAUHINSTANCE__@@@ATL@@@ATL@@QAEXHABQAUHINSTANCE__@@@Z
1113,?Lock@?$CComCritSecLock@VCComCriticalSection@ATL@@@ATL@@QAEJXZ
1114,?Lock@CComCriticalSection@ATL@@QAEJXZ
1115,?RemoveAll@?$CSimpleArray@PAUHINSTANCE__@@V?$CSimpleArrayEqualHelper@PAUHINSTANCE__@@@ATL@@@ATL@@QAEXXZ
1116,?RemoveAt@?$CSimpleArray@PAUHINSTANCE__@@V?$CSimpleArrayEqualHelper@PAUHINSTANCE__@@@ATL@@@ATL@@QAEHH@Z
1117,?RemoveResourceInstance@CAtlBaseModule@ATL@@QAE_NPAUHINSTANCE__@@@Z
1118,?Unlock@?$CComCritSecLock@VCComCriticalSection@ATL@@@ATL@@QAEXXZ
1119,?Unlock@CComCriticalSection@ATL@@QAEJXZ
1120,?memmove_s@Checked@ATL@@YAXPAXIPBXI@Z
1121,??_I@YGXPAXIHP6EX0@Z@Z
1122,_CoUninitialize@0
1123,_CoInitialize@4
1124,_CoCreateInstance@20
1125,_SysFreeString@4
1126,_SafeArrayDestroy@4
1127,_SafeArrayPutElement@12
1128,_VariantInit@4
1129,_VariantClear@4
1130,_VariantCopy@8
1131,_VariantChangeType@16
1132,_SysAllocString@4
1133,_SafeArrayCreate@12
1134,_SafeArrayGetUBound@12
1135,_SafeArrayGetLBound@12
1136,_SafeArrayGetElement@12
1137,?AfxInitialize@@YGHHK@Z
1138,_wWinMain@16
1139,__recalloc
1140,_memmove_s
1141,_OutputDebugStringW@4
1142,_EnterCriticalSection@4
1143,_LeaveCriticalSection@4
1144,?AfxGetModuleState@@YGPAVAFX_MODULE_STATE@@XZ
1145,?AfxWinMain@@YGHPAUHINSTANCE__@@0PA_WH@Z
1146,__ehhandler$??0CDeviceProp@@QAE@PAUIUPnPDevice@@PAVCWnd@@@Z
1147,__ehhandler$??0_ATL_WIN_MODULE70@ATL@@QAE@XZ
1148,__ehhandler$??1CAtlComModule@ATL@@QAE@XZ
1149,__ehhandler$??1CAtlWinModule@ATL@@QAE@XZ
1150,__ehhandler$??1CDeviceProp@@UAE@XZ
1151,__ehhandler$??1_ATL_WIN_MODULE70@ATL@@QAE@XZ
1152,__ehhandler$?TraceV@CTrace@ATL@@SAXPBDHIIPB_WPAD@Z
1153,__ehhandler$?InitInstance@CGenericUCPApp@@UAEHXZ
1154,__ehhandler$??0CGenericUCPDlg@@QAE@PAVCWnd@@@Z
1155,__ehhandler$??1CGenericUCPDlg@@UAE@XZ
1156,__ehhandler$?Create@CDeviceFinderCallback@@SAPAV1@XZ
1157,__ehhandler$?Create@CServiceCallback@@SAPAV1@XZ
1158,__ehhandler$?InitializeDevTypeArray@CGenericUCPDlg@@AAEXXZ
1159,__ehhandler$?InitializeUDNList@CGenericUCPDlg@@AAEXXZ
1160,__ehhandler$?OnAppAbout@CGenericUCPDlg@@IAEXXZ
1161,__ehhandler$?OnDevpropClick@CGenericUCPDlg@@IAEXXZ
1162,__ehhandler$?OnDiscoveryClicked@CGenericUCPDlg@@IAEXXZ
1163,__ehhandler$?OnInitDialog@CGenericUCPDlg@@MAEHXZ
1164,__ehhandler$?OnInvokeAction@CGenericUCPDlg@@IAEXXZ
1165,__ehhandler$?OnInvokeAsyncAction@CGenericUCPDlg@@AAEXPA_WHUtagVARIANT@@@Z
1166,__ehhandler$?OnPaint@CGenericUCPDlg@@IAEXXZ
1167,__ehhandler$?OnQueryVariable@CGenericUCPDlg@@IAEXXZ
1168,__ehhandler$?OnQueryVariableAsync@CGenericUCPDlg@@AAEXPA_WH@Z
1169,__ehhandler$?OnSubscribe@CGenericUCPDlg@@IAEXXZ
1170,__ehhandler$?OnSysCommand@CGenericUCPDlg@@IAEXIJ@Z
1171,__ehhandler$?OnViewSCPD@CGenericUCPDlg@@IAEXXZ
1172,__ehhandler$??0CSCPDDisplay@@QAE@PA_WPAVCWnd@@@Z
1173,__ehhandler$??1CSCPDDisplay@@UAE@XZ
1174,ATL::_dynamic_atexit_destructor_for___AtlComModule__
1175,ATL::_dynamic_atexit_destructor_for___AtlWinModule__
1176,??__FstrHeap@?1??GetInstance@CAtlStringMgr@ATL@@SAPAUIAtlStringMgr@2@XZ@YAXXZ
1177,??__FstrMgr@?1??GetInstance@CAtlStringMgr@ATL@@SAPAUIAtlStringMgr@2@XZ@YAXXZ
1178,ATL::_dynamic_atexit_destructor_for___AtlComModule___0
1179,ATL::_dynamic_atexit_destructor_for___AtlWinModule___0
1180,_dynamic_atexit_destructor_for__theApp__
1181,ATL::_dynamic_atexit_destructor_for___AtlComModule___1
1182,ATL::_dynamic_atexit_destructor_for___AtlWinModule___1
1183,ATL::_dynamic_atexit_destructor_for___AtlComModule___2
1184,ATL::_dynamic_atexit_destructor_for___AtlWinModule___2
1185,ATL::_dynamic_atexit_destructor_for___AtlComModule___3
1186,ATL::_dynamic_atexit_destructor_for___AtlWinModule___3
1187,ATL::_dynamic_atexit_destructor_for___AtlComModule___4
1188,ATL::_dynamic_atexit_destructor_for___AtlWinModule___4
1189,ATL::_dynamic_atexit_destructor_for___AtlComModule___5
1190,ATL::_dynamic_atexit_destructor_for___AtlWinModule___5
1191,ATL::_dynamic_atexit_destructor_for___AtlComModule___6
1192,ATL::_dynamic_atexit_destructor_for___AtlWinModule___6
1193,ATL::_dynamic_atexit_destructor_for___AtlBaseModule__
1194,ATL::_dynamic_atexit_destructor_for___AtlComModule___7
1195,ATL::_dynamic_atexit_destructor_for___AtlWinModule___7
